epgroup_name,epgroup_abbr,person_official_id,person_name,membership_type,start_date,end_date
Group of the European People's Party,EPP,197490,Magdalena ADAMOWICZ,Member,2019-07-02,
Group of the European People's Party,EPP,189525,Asim ADEMOV,Member,2019-07-02,
Non-attached Members,NI,124831,Isabella ADINOLFI,Member,2019-07-02,2021-04-28
Group of the European People's Party,EPP,124831,Isabella ADINOLFI,Member,2021-04-29,
Identity and Democracy Group,ID,197826,Matteo ADINOLFI,Member,2019-07-02,
Group of the Progressive Alliance of Socialists and Democrats in the European Parliament,S&D,197403,Alex AGIUS SALIBA,Member,2019-07-02,2021-12-15
Group of the Progressive Alliance of Socialists and Democrats in the European Parliament,S&D,197403,Alex AGIUS SALIBA,Vice-Chair,2021-12-16,
European Conservatives and Reformists Group,ECR,198096,Mazaly AGUILAR,Member of the Bureau,2019-07-02,2020-03-03
European Conservatives and Reformists Group,ECR,198096,Mazaly AGUILAR,Member,2020-03-04,
Group of the Progressive Alliance of Socialists and Democrats in the European Parliament,S&D,125045,Clara AGUILERA,Member,2019-07-02,
Group of the Greens/European Free Alliance,Greens/EFA,197696,Scott AINSLIE,Member,2019-07-02,2020-01-31
Group of the Greens/European Free Alliance,Greens/EFA,204335,Alviina ALAMETSÄ,Member,2020-02-01,
Group of the Progressive Alliance of Socialists and Democrats in the European Parliament,S&D,237224,João ALBUQUERQUE,Member,2022-09-13,
Group of the European People's Party,EPP,197836,Alexander ALEXANDROV YORDANOV,Member,2019-07-02,
Group of the Greens/European Free Alliance,Greens/EFA,96750,François ALFONSI,Member,2019-07-02,
Renew Europe Group,RE,197848,Atidzhe ALIEVA-VELI,Member,2019-07-02,
Group of the Greens/European Free Alliance,Greens/EFA,197644,Christian ALLARD,Member,2019-07-02,2020-01-31
Renew Europe Group,RE,197400,Abir AL-SAHLANI,Member,2019-07-02,
Renew Europe Group,RE,247122,Catherine AMALRIC,Member,2023-08-10,
Group of the European People's Party,EPP,197746,Álvaro AMARO,Member,2019-07-02,2023-07-06
Group of the Progressive Alliance of Socialists and Democrats in the European Parliament,S&D,197783,Andris AMERIKS,Member,2019-07-02,
Identity and Democracy Group,ID,197475,Christine ANDERSON,Member,2019-07-02,
Group of the European United Left,GUE/NGL,113959,Martina ANDERSON,Member,2019-07-02,2020-01-31
Group of the Greens/European Free Alliance,Greens/EFA,204371,Heather ANDERSON,Member,2020-01-27,2020-01-31
Group of the Greens/European Free Alliance,Greens/EFA,197448,Rasmus ANDRESEN,Member,2019-07-02,
Renew Europe Group,RE,204332,Barry ANDREWS,Member,2020-02-01,
Group of the Progressive Alliance of Socialists and Democrats in the European Parliament,S&D,113892,Eric ANDRIEU,First Vice-Chair,2019-07-02,2023-06-01
Identity and Democracy Group,ID,197691,Mathilde ANDROUËT,Member,2019-07-02,
Group of the Progressive Alliance of Socialists and Democrats in the European Parliament,S&D,125110,Nikos ANDROULAKIS,Member,2019-07-02,2023-05-02
Group of the Progressive Alliance of Socialists and Democrats in the European Parliament,S&D,202073,Marc ANGEL,Member,2019-12-10,
Identity and Democracy Group,ID,124973,Gerolf ANNEMANS,Member of the Bureau,2019-07-02,
Renew Europe Group,RE,124696,Andrus ANSIP,Member,2019-07-02,
Group of the Progressive Alliance of Socialists and Democrats in the European Parliament,S&D,197587,Attila ARA-KOVÁCS,Member,2019-07-02,
Group of the Progressive Alliance of Socialists and Democrats in the European Parliament,S&D,124936,Maria ARENA,Member,2019-07-02,
Group of the European People's Party,EPP,96808,Pablo ARIAS ECHEVERRÍA,Member,2019-07-02,
Group of the European People's Party,EPP,24922,Pascal ARIMONT,Member,2019-07-02,
Group of the European People's Party,EPP,197492,Bartosz ARŁUKOWICZ,Member,2019-07-02,
Renew Europe Group,RE,197664,Clotilde ARMAND,Member,2019-07-02,2020-11-03
Group of the European United Left,GUE/NGL,197701,Konstantinos ARVANITIS,Member,2019-07-02,2020-12-17
The Left group in the European Parliament,GUE/NGL,197701,Konstantinos ARVANITIS,Member,2020-12-18,
Group of the European People's Party,EPP,197695,Anna-Michelle ASIMAKOPOULOU,Member,2019-07-02,
Group of the European United Left,GUE/NGL,197533,Manon AUBRY,Member,2019-07-02,2019-07-17
Group of the European United Left,GUE/NGL,197533,Manon AUBRY,Co-Chair,2019-07-18,2020-12-17
The Left group in the European Parliament,GUE/NGL,197533,Manon AUBRY,Co-Chair,2020-12-18,
Group of the Greens/European Free Alliance,Greens/EFA,28161,Margrete AUKEN,Member,2019-07-02,
Renew Europe Group,RE,124766,Petras AUŠTREVIČIUS,Member,2019-07-02,
Group of the Progressive Alliance of Socialists and Democrats in the European Parliament,S&D,197651,Carmen AVRAM,Member,2019-07-02,
Renew Europe Group,RE,197781,Malik AZMANI,First Vice-Chair,2019-07-02,
Identity and Democracy Group,ID,197789,Simona BALDASSARRE,Member,2019-07-02,2023-04-02
Group of the Progressive Alliance of Socialists and Democrats in the European Parliament,S&D,247735,Laura BALLARÍN CEREZA,Member,2023-09-06,
Group of the Progressive Alliance of Socialists and Democrats in the European Parliament,S&D,197495,Marek Paweł BALT,Member,2019-07-02,
Identity and Democracy Group,ID,131580,Jordan BARDELLA,Member,2019-07-02,
Group of the Progressive Alliance of Socialists and Democrats in the European Parliament,S&D,197433,Katarina BARLEY,Member,2019-07-02,
Group of the European United Left,GUE/NGL,197684,Pernando BARRENA ARZA,Member,2019-07-02,2020-12-17
The Left group in the European Parliament,GUE/NGL,197684,Pernando BARRENA ARZA,Member,2020-12-18,2022-09-02
Group of the Progressive Alliance of Socialists and Democrats in the European Parliament,S&D,197808,Pietro BARTOLO,Member,2019-07-02,
Group of the European People's Party,EPP,197671,Traian BĂSESCU,Member,2019-07-02,
Identity and Democracy Group,ID,197610,Alessandra BASSO,Member,2019-07-02,
Renew Europe Group,RE,197779,José Ramón BAUZÁ DÍAZ,Member,2019-07-02,
Identity and Democracy Group,ID,124760,Nicolas BAY,Vice-Chair,2019-07-02,2022-02-15
Non-attached Members,NI,124760,Nicolas BAY,Member,2022-02-16,
Renew Europe Group,RE,96955,Catherine BEARDER,Member,2019-07-02,2020-01-31
Identity and Democracy Group,ID,132191,Gunnar BECK,Member,2019-07-02,
Renew Europe Group,RE,197437,Nicola BEER,Member,2019-07-02,
Non-attached Members,NI,124777,Tiziana BEGHIN,Member,2019-07-02,
Identity and Democracy Group,ID,197680,Aurélia BEIGNEUX,Member,2019-07-02,
Group of the Progressive Alliance of Socialists and Democrats in the European Parliament,S&D,197496,Marek BELKA,Member,2019-07-02,2021-12-15
Group of the Progressive Alliance of Socialists and Democrats in the European Parliament,S&D,197496,Marek BELKA,Vice-Chair,2021-12-16,
Group of the European People's Party,EPP,197534,François-Xavier BELLAMY,Member,2019-07-02,
Group of the Progressive Alliance of Socialists and Democrats in the European Parliament,S&D,197658,Adrian-Dragoş BENEA,Member,2019-07-02,
Group of the Progressive Alliance of Socialists and Democrats in the European Parliament,S&D,124867,Brando BENIFEI,Member,2019-07-02,
Group of the European People's Party,EPP,197679,Isabel BENJUMEA BENJUMEA,Member,2019-07-02,
Renew Europe Group,RE,112014,Phil BENNION,Member,2019-07-02,2020-01-31
Group of the Progressive Alliance of Socialists and Democrats in the European Parliament,S&D,23868,Monika BEŇOVÁ,Member,2019-07-02,
Group of the European People's Party,EPP,197408,Hildegard BENTELE,Member,2019-07-02,
Group of the European People's Party,EPP,197778,Tom BERENDSEN,Member,2019-07-02,
Identity and Democracy Group,ID,197478,Lars Patrick BERG,Member,2019-07-02,2021-05-11
Non-attached Members,NI,197478,Lars Patrick BERG,Member,2021-05-12,2021-06-22
European Conservatives and Reformists Group,ECR,197478,Lars Patrick BERG,Member of the Bureau,2021-06-23,
Group of the European People's Party,EPP,197410,Stefan BERGER,Member,2019-07-02,
Group of the Progressive Alliance of Socialists and Democrats in the European Parliament,S&D,197396,Erik BERGKVIST,Member,2019-07-02,
European Conservatives and Reformists Group,ECR,4746,Sergio BERLATO,Member,2020-02-01,
Group of the European People's Party,EPP,4391,Silvio BERLUSCONI,Member,2019-07-02,2022-10-12
Group of the European People's Party,EPP,197648,Alexander BERNHUBER,Member,2019-07-02,
Group of the Progressive Alliance of Socialists and Democrats in the European Parliament,S&D,197498,Robert BIEDROŃ,Member,2019-07-02,
European Conservatives and Reformists Group,ECR,23788,Adam BIELAN,Member,2019-07-02,
Group of the Progressive Alliance of Socialists and Democrats in the European Parliament,S&D,238674,Theresa BIELOWSKI,Member,2022-10-12,
Renew Europe Group,RE,197551,Stéphane BIJOUX,Member,2019-07-02,
Renew Europe Group,RE,96922,Izaskun BILBAO BARANDICA,Member,2019-07-02,
Group of the European People's Party,EPP,197771,Vladimír BILČÍK,Member,2019-07-02,
Identity and Democracy Group,ID,124771,Dominique BILDE,Member,2019-07-02,
Group of the Progressive Alliance of Socialists and Democrats in the European Parliament,S&D,197435,Gabriele BISCHOFF,Member,2019-07-02,2021-12-15
Group of the Progressive Alliance of Socialists and Democrats in the European Parliament,S&D,197435,Gabriele BISCHOFF,Vice-Chair,2021-12-16,
Group of the Greens/European Free Alliance,Greens/EFA,197512,Benoît BITEAU,Member,2019-07-02,
Identity and Democracy Group,ID,97198,Mara BIZZOTTO,Member,2019-07-02,2022-10-12
Group of the European United Left,GUE/NGL,124992,Malin BJÖRK,Member,2019-07-02,2020-12-17
The Left group in the European Parliament,GUE/NGL,124992,Malin BJÖRK,Member,2020-12-18,
Group of the European People's Party,EPP,197637,Vasile BLAGA,Member,2019-07-02,
Identity and Democracy Group,ID,197564,Hynek BLAŠKO,Member,2019-07-02,
Group of the Progressive Alliance of Socialists and Democrats in the European Parliament,S&D,96681,Vilija BLINKEVIČIŪTĖ,Member,2019-07-02,
Group of the Greens/European Free Alliance,Greens/EFA,197449,Michael BLOSS,Member,2019-07-02,
Group of the European People's Party,EPP,124712,Andrea BOCSKOR,Member,2019-07-02,2021-03-04
Non-attached Members,NI,124712,Andrea BOCSKOR,Member,2021-03-05,
Group of the Greens/European Free Alliance,Greens/EFA,197439,Damian BOESELAGER,Member,2019-07-02,
Group of the European People's Party,EPP,197636,Ioan-Rareş BOGDAN,Member,2019-07-02,
Group of the European People's Party,EPP,125004,Franc BOGOVIČ,Member,2019-07-02,
Group of the European United Left,GUE/NGL,197521,Manuel BOMPARD,Member,2019-07-02,2020-12-17
The Left group in the European Parliament,GUE/NGL,197521,Manuel BOMPARD,Member,2020-12-18,2022-07-28
Group of the Progressive Alliance of Socialists and Democrats in the European Parliament,S&D,124814,Simona BONAFÈ,Vice-Chair,2019-07-02,2022-10-12
Identity and Democracy Group,ID,197788,Anna BONFRISCO,Member,2019-07-02,
Identity and Democracy Group,ID,101039,Paolo BORCHIA,Member,2019-07-02,
Group of the Progressive Alliance of Socialists and Democrats in the European Parliament,S&D,112748,Biljana BORZAN,Vice-Chair,2019-07-02,
Group of the European United Left,GUE/NGL,187917,Marc BOTENGA,Member,2019-07-02,2020-12-17
The Left group in the European Parliament,GUE/NGL,187917,Marc BOTENGA,Member,2020-12-18,
Renew Europe Group,RE,197668,Vlad-Marius BOTOŞ,Member,2019-07-02,
European Conservatives and Reformists Group,ECR,197467,Geert BOURGEOIS,Member of the Bureau,2019-07-02,
Renew Europe Group,RE,197577,Gilles BOYER,Member,2019-07-02,
Group of the European People's Party,EPP,226260,Karolin BRAUNSBERGER-REINHOLD,Member,2021-10-14,
Group of the Progressive Alliance of Socialists and Democrats in the European Parliament,S&D,28346,Mercedes BRESSO,Member,2023-04-06,
Group of the Greens/European Free Alliance,Greens/EFA,197431,Patrick BREYER,Member,2019-07-02,
Group of the Progressive Alliance of Socialists and Democrats in the European Parliament,S&D,197446,Milan BRGLEZ,Member,2019-07-02,
Group of the Greens/European Free Alliance,Greens/EFA,197470,Saskia BRICMONT,Member,2019-07-02,
Renew Europe Group,RE,197716,Jane BROPHY,Member,2019-07-02,2020-01-31
European Conservatives and Reformists Group,ECR,197501,Joachim Stanisław BRUDZIŃSKI,Member,2019-07-02,
Identity and Democracy Group,ID,182995,Annika BRUNA,Member,2019-07-02,
Renew Europe Group,RE,197576,Sylvie BRUNET,Vice-Chair,2019-07-02,2021-10-18
Renew Europe Group,RE,197576,Sylvie BRUNET,Member,2021-10-19,
Identity and Democracy Group,ID,128483,Markus BUCHHEIT,Member,2019-07-02,
Group of the Greens/European Free Alliance,Greens/EFA,124818,Klaus BUCHNER,Member,2019-07-02,2020-07-15
Group of the European People's Party,EPP,125012,Daniel BUDA,Member,2019-07-02,
Non-attached Members,NI,197715,David BULL,Member,2019-07-02,2020-01-31
Group of the Progressive Alliance of Socialists and Democrats in the European Parliament,S&D,4267,Udo BULLMANN,Member,2019-07-02,
Non-attached Members,NI,188733,Jonathan BULLOCK,Member,2019-07-02,2020-01-31
Renew Europe Group,RE,197739,Judith BUNTING,Member,2019-07-02,2020-01-31
Group of the Progressive Alliance of Socialists and Democrats in the European Parliament,S&D,197440,Delara BURKHARDT,Member,2019-07-02,
Group of the European United Left,GUE/NGL,197434,Martin BUSCHMANN,Member,2019-07-02,2020-01-28
Non-attached Members,NI,197434,Martin BUSCHMANN,Member,2020-01-29,
Group of the European People's Party,EPP,38420,Cristian-Silviu BUŞOI,Member,2019-07-02,
Group of the Greens/European Free Alliance,Greens/EFA,96739,Reinhard BÜTIKOFER,Member,2019-07-02,
European Conservatives and Reformists Group,ECR,197829,Jorge BUXADÉ VILLALBA,Member of the Bureau,2019-07-02,
Group of the European People's Party,EPP,28269,Jerzy BUZEK,Member,2019-07-02,
Group of the Progressive Alliance of Socialists and Democrats in the European Parliament,S&D,197617,Carlo CALENDA,Member,2019-07-02,2021-11-16
Renew Europe Group,RE,197617,Carlo CALENDA,Member,2021-11-17,2022-10-12
Identity and Democracy Group,ID,35016,Marco CAMPOMENOSI,Member,2019-07-02,
Renew Europe Group,RE,126644,Jordi CAÑAS,Member,2019-07-02,2022-09-12
Renew Europe Group,RE,126644,Jordi CAÑAS,Vice-Chair,2022-09-13,
Renew Europe Group,RE,96711,Pascal CANFIN,Member,2019-07-02,
Group of the Greens/European Free Alliance,Greens/EFA,197574,Damien CARÊME,Member,2019-07-02,
Identity and Democracy Group,ID,197797,Andrea CAROPPO,Member,2019-07-02,2020-10-06
Non-attached Members,NI,197797,Andrea CAROPPO,Member,2020-10-07,2021-04-28
Group of the European People's Party,EPP,197797,Andrea CAROPPO,Member,2021-04-29,2022-10-12
Group of the European United Left,GUE/NGL,124986,Matt CARTHY,Member,2019-07-02,2020-02-07
Group of the Progressive Alliance of Socialists and Democrats in the European Parliament,S&D,199996,Isabel CARVALHAIS,Member,2019-09-03,
Group of the European People's Party,EPP,96867,Maria da Graça CARVALHO,Member,2019-07-02,
Group of the European People's Party,EPP,28122,David CASA,Member,2019-07-02,
Identity and Democracy Group,ID,197796,Massimo CASANOVA,Member,2019-07-02,
Group of the European People's Party,EPP,28219,Daniel CASPARY,Member,2019-07-02,
Non-attached Members,NI,124812,Fabio Massimo CASTALDO,Member,2019-07-02,
Group of the European People's Party,EPP,28390,Pilar del CASTILLO VERA,Member,2019-07-02,
Group of the Greens/European Free Alliance,Greens/EFA,86793,Anna CAVAZZINI,Member,2019-07-02,
Identity and Democracy Group,ID,197786,Susanna CECCARDI,Member,2019-07-02,
Group of the Progressive Alliance of Socialists and Democrats in the European Parliament,S&D,197641,Sara CERDAS,Member,2019-07-02,
Renew Europe Group,RE,197505,Catherine CHABAUD,Member,2019-07-02,
Identity and Democracy Group,ID,236052,Patricia CHAGNON,Member,2022-07-29,
Group of the Progressive Alliance of Socialists and Democrats in the European Parliament,S&D,197782,Mohammed CHAHIM,Member,2019-07-02,2021-12-15
Group of the Progressive Alliance of Socialists and Democrats in the European Parliament,S&D,197782,Mohammed CHAHIM,Vice-Chair,2021-12-16,
Group of the European United Left,GUE/NGL,197529,Leila CHAIBI,Member,2019-07-02,2020-12-17
The Left group in the European Parliament,GUE/NGL,197529,Leila CHAIBI,Member,2020-12-18,
Renew Europe Group,RE,124708,Dita CHARANZOVÁ,Member,2019-07-02,
Renew Europe Group,RE,197463,Olivier CHASTEL,Member,2019-07-02,
Group of the Progressive Alliance of Socialists and Democrats in the European Parliament,S&D,124861,Caterina CHINNICI,Member,2019-07-02,2023-05-10
Group of the European People's Party,EPP,124861,Caterina CHINNICI,Member,2023-05-11,
Group of the Greens/European Free Alliance,Greens/EFA,197714,Ellie CHOWNS,Member,2019-07-02,2020-01-31
Renew Europe Group,RE,197558,Asger CHRISTENSEN,Member,2019-07-02,
Group of the European People's Party,EPP,26837,Lefteris CHRISTOFOROU,Member,2019-07-02,2022-11-01
Renew Europe Group,RE,204416,Ilana CICUREL,Member,2020-02-01,
Group of the Progressive Alliance of Socialists and Democrats in the European Parliament,S&D,197507,Włodzimierz CIMOSZEWICZ,Member,2019-07-02,
Identity and Democracy Group,ID,183793,Angelo CIOCCA,Member,2019-07-02,
Renew Europe Group,RE,197631,Dacian CIOLOŞ,Chair,2019-07-02,2021-10-18
Renew Europe Group,RE,197631,Dacian CIOLOŞ,Member,2021-10-19,
Group of the Progressive Alliance of Socialists and Democrats in the European Parliament,S&D,197657,Tudor CIUHODARU,Member,2019-07-02,
Group of the Progressive Alliance of Socialists and Democrats in the European Parliament,S&D,197761,Miroslav ČÍŽ,Member,2019-07-02,2022-12-29
Group of the Progressive Alliance of Socialists and Democrats in the European Parliament,S&D,245018,Christophe CLERGEAU,Member,2023-06-02,
Group of the European People's Party,EPP,124988,Deirdre CLUNE,Member,2020-02-01,
Group of the European People's Party,EPP,1892,Carlos COELHO,Member,2023-07-07,
Group of the European People's Party,EPP,197536,Nathalie COLIN-OESTERLÉ,Member,2019-07-02,
Group of the European People's Party,EPP,247737,Ana COLLADO JIMÉNEZ,Member,2023-09-06,
Identity and Democracy Group,ID,197683,Gilbert COLLARD,Member,2019-07-02,2022-01-24
Non-attached Members,NI,197683,Gilbert COLLARD,Member,2022-01-25,
Group of the European People's Party,EPP,96775,Lara COMI,Member,2022-11-02,
Non-attached Members,NI,202352,Antoni COMÍN I OLIVERES,Member,2019-07-02,
Identity and Democracy Group,ID,197616,Rosanna CONTE,Member,2019-07-02,
Group of the Progressive Alliance of Socialists and Democrats in the European Parliament,S&D,2309,Richard CORBETT,Member,2019-07-02,2020-01-31
Group of the Greens/European Free Alliance,Greens/EFA,197503,David CORMAND,Member,2019-07-02,
Non-attached Members,NI,124856,Ignazio CORRAO,Member,2019-07-02,2020-12-08
Group of the Greens/European Free Alliance,Greens/EFA,124856,Ignazio CORRAO,Member,2020-12-09,
Group of the Progressive Alliance of Socialists and Democrats in the European Parliament,S&D,240478,Beatrice COVASSI,Member,2022-12-06,
Group of the Progressive Alliance of Socialists and Democrats in the European Parliament,S&D,96880,Andrea COZZOLINO,Member,2019-07-02,2023-01-17
Non-attached Members,NI,96880,Andrea COZZOLINO,Member,2023-01-18,
Group of the Progressive Alliance of Socialists and Democrats in the European Parliament,S&D,33997,Corina CREȚU,Member,2019-07-02,
Renew Europe Group,RE,197588,Katalin CSEH,Vice-Chair,2019-07-02,
Group of the Greens/European Free Alliance,Greens/EFA,197654,Ciarán CUFFE,Member,2019-07-02,
Group of the Progressive Alliance of Socialists and Democrats in the European Parliament,S&D,197394,Josianne CUTAJAR,Member,2019-07-02,
European Conservatives and Reformists Group,ECR,28372,Ryszard CZARNECKI,Member,2019-07-02,
Group of the European People's Party,EPP,96809,Peter van DALEN,Member,2019-07-02,2023-09-03
Group of the Progressive Alliance of Socialists and Democrats in the European Parliament,S&D,124970,Miriam DALLI,Vice-Chair,2019-07-02,2020-10-18
Group of the Greens/European Free Alliance,Greens/EFA,183338,Jakop G. DALUNDE,Member,2020-02-01,
Group of the European United Left,GUE/NGL,197731,Clare DALY,Member,2019-07-02,2020-12-17
The Left group in the European Parliament,GUE/NGL,197731,Clare DALY,Member,2020-12-18,
Non-attached Members,NI,124835,Rosa D'AMATO,Member,2019-07-02,2020-12-08
Group of the Greens/European Free Alliance,Greens/EFA,124835,Rosa D'AMATO,Member,2020-12-09,
Group of the Progressive Alliance of Socialists and Democrats in the European Parliament,S&D,124952,Seb DANCE,Member,2019-07-02,2020-01-31
Group of the Progressive Alliance of Socialists and Democrats in the European Parliament,S&D,38542,Johan DANIELSSON,Member,2019-07-02,2021-11-29
Group of the European People's Party,EPP,96747,Arnaud DANJEAN,Vice-Chair,2019-07-02,
Group of the Progressive Alliance of Socialists and Democrats in the European Parliament,S&D,124821,Nicola DANTI,Member,2019-09-05,2020-02-12
Renew Europe Group,RE,124821,Nicola DANTI,Member,2020-02-13,2021-10-18
Renew Europe Group,RE,124821,Nicola DANTI,Vice-Chair,2021-10-19,
Non-attached Members,NI,239258,Maria Angela DANZÌ,Member,2022-11-02,
Identity and Democracy Group,ID,197608,Gianantonio DA RE,Member,2019-07-02,
Non-attached Members,NI,197760,Martin Edward DAUBNEY,Member,2019-07-02,2020-01-31
Identity and Democracy Group,ID,236050,Marie DAUCHY,Member,2022-07-29,
Identity and Democracy Group,ID,197556,Ivan DAVID,Member of the Bureau,2019-07-02,
Renew Europe Group,RE,4554,Chris DAVIES,Member,2019-07-02,2020-01-31
Identity and Democracy Group,ID,239262,Elisabetta DE BLASIS,Member,2022-11-02,2023-09-10
Non-attached Members,NI,239262,Elisabetta DE BLASIS,Member,2023-09-11,
Group of the Progressive Alliance of Socialists and Democrats in the European Parliament,S&D,228604,Ilan DE BASSO,Member,2021-12-14,
Group of the Progressive Alliance of Socialists and Democrats in the European Parliament,S&D,96891,Paolo DE CASTRO,Member,2019-07-02,
Renew Europe Group,RE,197504,Jérémy DECERLE,Member,2019-07-02,
Group of the Greens/European Free Alliance,Greens/EFA,197531,Gwendoline DELBOS-CORFIELD,Vice-Chair,2019-07-02,2022-01-10
Group of the Greens/European Free Alliance,Greens/EFA,197531,Gwendoline DELBOS-CORFIELD,Member,2022-01-11,
Group of the European People's Party,EPP,124714,Andor DELI,Member,2019-07-02,2021-03-04
Non-attached Members,NI,124714,Andor DELI,Member,2021-03-05,
Group of the Greens/European Free Alliance,Greens/EFA,96868,Karima DELLI,Member,2019-07-02,
Non-attached Members,NI,197736,Belinda DE LUCY,Member,2019-07-02,2020-01-31
Identity and Democracy Group,ID,197472,Filip DE MAN,Member,2019-07-02,
Group of the European People's Party,EPP,204333,Salvatore DE MEO,Member,2020-02-01,
Group of the European United Left,GUE/NGL,197468,Özlem DEMIREL,Member,2019-07-02,2020-12-17
The Left group in the European Parliament,GUE/NGL,197468,Özlem DEMIREL,Member,2020-12-18,
Group of the Greens/European Free Alliance,Greens/EFA,197453,Anna DEPARNAY-GRUNENBERG,Member,2019-07-02,
Group of the Greens/European Free Alliance,Greens/EFA,197471,Petra DE SUTTER,Member,2019-07-02,2020-09-30
Group of the European People's Party,EPP,96826,Tamás DEUTSCH,Member,2019-07-02,2021-03-04
Non-attached Members,NI,96826,Tamás DEUTSCH,Member,2021-03-05,
Renew Europe Group,RE,197693,Dinesh DHAMIJA,Member,2019-07-02,2020-01-31
Group of the European People's Party,EPP,190774,Geoffroy DIDIER,Member,2019-07-02,
Group of the Progressive Alliance of Socialists and Democrats in the European Parliament,S&D,197640,André Jorge DIONÍSIO BRADFORD,Member,2019-07-02,2019-07-18
Renew Europe Group,RE,124709,Martina DLABAJOVÁ,Member,2019-07-02,
Group of the Progressive Alliance of Socialists and Democrats in the European Parliament,S&D,197579,Klára DOBREV,Member,2019-07-02,
Non-attached Members,NI,96951,Diane DODDS,Member,2019-07-02,2020-01-31
Group of the European People's Party,EPP,197473,Christian DOLESCHAL,Member,2019-07-02,
Renew Europe Group,RE,197595,Anna Júlia DONÁTH,Member,2019-07-02,
Identity and Democracy Group,ID,197822,Francesca DONATO,Member,2019-07-02,2021-10-05
Non-attached Members,NI,197822,Francesca DONATO,Member,2021-10-06,
Group of the European People's Party,EPP,96787,Herbert DORFMANN,Member,2019-07-02,
Group of the Greens/European Free Alliance,Greens/EFA,197613,Gina DOWDING,Member,2019-07-02,2020-01-31
Identity and Democracy Group,ID,197614,Marco DREOSTO,Member,2019-07-02,2022-10-12
Group of the European People's Party,EPP,197510,Jarosław DUDA,Member,2019-07-02,
Group of the European People's Party,EPP,99945,Lena DÜPONT,Member,2019-07-02,
Group of the Progressive Alliance of Socialists and Democrats in the European Parliament,S&D,198329,Estrella DURÁ FERRANDIS,Member,2019-07-02,
Renew Europe Group,RE,124693,Pascal DURAND,Member,2019-07-02,2022-11-29
Group of the Progressive Alliance of Socialists and Democrats in the European Parliament,S&D,124693,Pascal DURAND,Member,2022-11-30,
European Conservatives and Reformists Group,ECR,197766,Lucia ĎURIŠ NICHOLSONOVÁ,Member of the Bureau,2019-07-02,2021-05-19
Renew Europe Group,RE,197766,Lucia ĎURIŠ NICHOLSONOVÁ,Member,2021-05-20,
European Conservatives and Reformists Group,ECR,124873,Angel DZHAMBAZKI,Co-Treasurer,2019-07-02,
Group of the Progressive Alliance of Socialists and Democrats in the European Parliament,S&D,237465,Matthias ECKE,Member,2022-10-03,
Group of the European People's Party,EPP,197643,Karoline EDTSTADLER,Member,2019-07-02,2020-01-06
Group of the European People's Party,EPP,28226,Christian EHLER,Member,2019-07-02,
Group of the Greens/European Free Alliance,Greens/EFA,96725,Bas EICKHOUT,Vice-Chair,2019-07-02,
Non-attached Members,NI,209091,Cyrus ENGERER,Member,2020-11-05,2020-11-10
Group of the Progressive Alliance of Socialists and Democrats in the European Parliament,S&D,209091,Cyrus ENGERER,Member,2020-11-11,
Non-attached Members,NI,197803,Andrew ENGLAND KERR,Member,2019-07-02,2020-01-31
European Conservatives and Reformists Group,ECR,97133,Derk Jan EPPINK,First Vice-Chair,2019-07-02,2021-03-30
Group of the European United Left,GUE/NGL,96852,Cornelia ERNST,Member,2019-07-02,2020-12-17
The Left group in the European Parliament,GUE/NGL,96852,Cornelia ERNST,Member,2020-12-18,
Renew Europe Group,RE,197430,Engin EROGLU,Member,2019-07-02,
Group of the Progressive Alliance of Socialists and Democrats in the European Parliament,S&D,96842,Ismail ERTUG,Vice-Chair,2019-07-02,2021-12-14
Group of the Progressive Alliance of Socialists and Democrats in the European Parliament,S&D,96842,Ismail ERTUG,Member,2021-12-15,2023-07-02
Group of the European People's Party,EPP,96811,Rosa ESTARÀS FERRAGUT,Member,2019-07-02,
Group of the Greens/European Free Alliance,Greens/EFA,4550,Jill EVANS,Member,2019-07-02,2020-01-31
Non-attached Members,NI,124779,Eleonora EVI,Member,2019-07-02,2020-12-08
Group of the Greens/European Free Alliance,Greens/EFA,124779,Eleonora EVI,Member,2020-12-09,2022-10-12
Group of the European People's Party,EPP,197535,Agnès EVREN,Member,2019-07-02,
Group of the Progressive Alliance of Socialists and Democrats in the European Parliament,S&D,96911,Tanja FAJON,Member,2019-07-02,2022-05-12
Group of the European People's Party,EPP,197649,Gheorghe FALCĂ,Member,2019-07-02,
Non-attached Members,NI,4525,Nigel FARAGE,Member,2019-07-02,2020-01-31
Renew Europe Group,RE,197589,Laurence FARRENG,Member,2019-07-02,
Renew Europe Group,RE,124989,Fredrick FEDERLEY,Vice-Chair,2019-07-02,2020-12-12
Group of the European People's Party,EPP,1917,Markus FERBER,Member,2019-07-02,
Group of the European People's Party,EPP,96899,José Manuel FERNANDES,Member,2019-07-02,
Group of the Progressive Alliance of Socialists and Democrats in the European Parliament,S&D,125046,Jonás FERNÁNDEZ,Member,2019-07-02,
Group of the Progressive Alliance of Socialists and Democrats in the European Parliament,S&D,192634,Giuseppe FERRANDINO,Member,2019-07-02,2022-11-08
Renew Europe Group,RE,192634,Giuseppe FERRANDINO,Member,2022-11-09,
Non-attached Members,NI,124833,Laura FERRARA,Member,2019-07-02,
Group of the European United Left,GUE/NGL,96706,João FERREIRA,Vice-Chair,2019-07-02,2020-12-17
The Left group in the European Parliament,GUE/NGL,96706,João FERREIRA,Vice-Chair,2020-12-18,2021-07-05
Identity and Democracy Group,ID,197480,Nicolaus FEST,Member,2019-07-02,
European Conservatives and Reformists Group,ECR,96810,Carlo FIDANZA,Member of the Bureau,2019-07-02,
European Conservatives and Reformists Group,ECR,197607,Pietro FIOCCHI,Member,2019-07-02,
European Conservatives and Reformists Group,ECR,4465,Raffaele FITTO,Co-President,2019-07-02,2022-10-12
Group of the European People's Party,EPP,197720,Frances FITZGERALD,Member,2019-07-02,2021-03-23
Group of the European People's Party,EPP,197720,Frances FITZGERALD,Vice-Chair,2021-03-24,
Group of the European United Left,GUE/NGL,124985,Luke Ming FLANAGAN,Member,2019-07-02,2020-12-17
The Left group in the European Parliament,GUE/NGL,124985,Luke Ming FLANAGAN,Member,2020-12-18,
Renew Europe Group,RE,197419,Valter FLEGO,Member,2019-07-02,
Non-attached Members,NI,197703,Lance FORMAN,Member,2019-07-02,2020-01-14
European Conservatives and Reformists Group,ECR,197703,Lance FORMAN,Member,2020-01-15,2020-01-31
European Conservatives and Reformists Group,ECR,28353,Anna FOTYGA,Member,2019-07-02,
Group of the European People's Party,EPP,197414,Loucas FOURLAS,Member,2019-07-02,
Non-attached Members,NI,197708,Claire FOX,Member,2019-07-02,2020-01-31
European Conservatives and Reformists Group,ECR,198490,Emmanouil FRAGKOS,Member of the Bureau,2019-07-10,
Group of the European People's Party,EPP,197513,Tomasz FRANKOWSKI,Member,2019-07-02,
Group of the European People's Party,EPP,197455,Cindy FRANSSEN,Member,2019-07-02,
Group of the Greens/European Free Alliance,Greens/EFA,193273,Romeo FRANZ,Member,2019-07-02,
Group of the Greens/European Free Alliance,Greens/EFA,106936,Daniel FREUND,Member,2019-07-02,
Group of the Progressive Alliance of Socialists and Democrats in the European Parliament,S&D,197391,Heléne FRITZON,Vice-Chair,2019-07-02,
Group of the Progressive Alliance of Socialists and Democrats in the European Parliament,S&D,101585,Niels FUGLSANG,Member,2019-07-02,
Non-attached Members,NI,197795,Mario FURORE,Member,2019-07-02,
Renew Europe Group,RE,197555,Søren GADE,Member,2019-07-02,2022-11-14
Group of the European People's Party,EPP,2341,Michael GAHLER,Member,2019-07-02,
Group of the European People's Party,EPP,28150,Kinga GÁL,Member,2019-07-02,2021-03-04
Non-attached Members,NI,28150,Kinga GÁL,Member,2021-03-05,
Group of the Greens/European Free Alliance,Greens/EFA,229352,Malte GALLÉE,Member,2021-12-22,
Group of the Progressive Alliance of Socialists and Democrats in the European Parliament,S&D,197702,Lina GÁLVEZ MUÑOZ,Member,2019-07-02,
Renew Europe Group,RE,197632,Claudia GAMON,Member,2019-07-02,
Identity and Democracy Group,ID,197582,Gianna GANCIA,Member,2019-07-02,
Group of the Progressive Alliance of Socialists and Democrats in the European Parliament,S&D,197717,Ibán GARCÍA DEL BLANCO,Member,2019-07-02,
Group of the European People's Party,EPP,1992,José Manuel GARCÍA-MARGALLO Y MARFIL,Member,2019-07-02,
Group of the Progressive Alliance of Socialists and Democrats in the European Parliament,S&D,197742,Isabel GARCÍA MUÑOZ,Member,2019-07-02,
Group of the Progressive Alliance of Socialists and Democrats in the European Parliament,S&D,28298,Iratxe GARCÍA PÉREZ,Chair,2019-07-02,
Group of the Progressive Alliance of Socialists and Democrats in the European Parliament,S&D,96991,Eider GARDIAZABAL RUBIAL,Member,2019-07-02,
Renew Europe Group,RE,197554,Luis GARICANO,Vice-Chair,2019-07-02,2022-09-01
Identity and Democracy Group,ID,197628,Jean-Paul GARRAUD,Member,2019-07-02,
Identity and Democracy Group,ID,239255,Matteo GAZZINI,Member,2022-11-02,
Group of the Progressive Alliance of Socialists and Democrats in the European Parliament,S&D,1913,Evelyne GEBHARDT,Member,2019-07-02,2022-02-01
Group of the Greens/European Free Alliance,Greens/EFA,183916,Alexandra GEESE,Member,2019-07-02,2022-11-09
Group of the Greens/European Free Alliance,Greens/EFA,183916,Alexandra GEESE,Vice-Chair,2022-11-10,
Group of the Progressive Alliance of Socialists and Democrats in the European Parliament,S&D,96833,Jens GEIER,Member,2019-07-02,
Non-attached Members,NI,197794,Chiara GEMMA,Member,2019-07-02,2023-02-14
European Conservatives and Reformists Group,ECR,197794,Chiara GEMMA,Member,2023-02-15,
Group of the European United Left,GUE/NGL,197416,Giorgos GEORGIOU,Member,2019-07-02,2020-12-17
The Left group in the European Parliament,GUE/NGL,197416,Giorgos GEORGIOU,Member,2020-12-18,
Group of the European United Left,GUE/NGL,197819,Alexis GEORGOULIS,Member,2019-07-02,2020-12-17
The Left group in the European Parliament,GUE/NGL,197819,Alexis GEORGOULIS,Member,2020-12-18,2023-04-18
Non-attached Members,NI,197819,Alexis GEORGOULIS,Member,2023-04-19,
European Conservatives and Reformists Group,ECR,197436,Helmut GEUKING,Member of the Bureau,2019-07-02,2021-04-28
Group of the European People's Party,EPP,197436,Helmut GEUKING,Member,2021-04-29,
Renew Europe Group,RE,209140,Vlad GHEORGHE,Member,2020-11-10,
Identity and Democracy Group,ID,239256,Paola GHIDONI,Member,2022-11-02,
Renew Europe Group,RE,197661,Cristian GHINEA,Member,2019-07-02,2020-12-22
Non-attached Members,NI,197804,Dino GIARRUSSO,Member,2019-07-02,
Renew Europe Group,RE,197600,Barbara Ann GIBSON,Member,2019-07-02,2020-01-31
Group of the Greens/European Free Alliance,Greens/EFA,96730,Sven GIEGOLD,Member,2019-07-02,2021-12-15
Group of the European People's Party,EPP,124807,Jens GIESEKE,Member,2019-07-02,
Group of the Progressive Alliance of Socialists and Democrats in the European Parliament,S&D,4533,Neena GILL,Member,2019-07-02,2020-01-31
Non-attached Members,NI,124965,Nathan GILL,Member,2019-07-02,2020-01-31
Non-attached Members,NI,197751,James Alexander GLANCY,Member,2019-07-02,2020-01-31
Group of the European People's Party,EPP,202036,Sunčana GLAVAK,Member,2019-12-01,
Renew Europe Group,RE,197443,Andreas GLUECK,Member,2019-07-02,
Group of the Progressive Alliance of Socialists and Democrats in the European Parliament,S&D,197694,Raphaël GLUCKSMANN,Member,2019-07-02,
Renew Europe Group,RE,840,Charles GOERENS,Member,2019-07-02,
Group of the Progressive Alliance of Socialists and Democrats in the European Parliament,S&D,197728,Mónica Silvana GONZÁLEZ,Member,2019-07-02,
Group of the Progressive Alliance of Socialists and Democrats in the European Parliament,S&D,197718,Nicolás GONZÁLEZ CASARES,Member,2019-07-02,
Group of the European People's Party,EPP,125027,Esteban GONZÁLEZ PONS,Vice-Chair,2019-07-02,2023-08-16
Renew Europe Group,RE,204419,Sandro GOZI,Member,2020-02-04,
Identity and Democracy Group,ID,125025,Marcel de GRAAFF,Member,2020-02-01,2022-10-23
Non-attached Members,NI,125025,Marcel de GRAAFF,Member,2022-10-24,
Identity and Democracy Group,ID,197799,Valentino GRANT,Member,2019-07-02,
Group of the Progressive Alliance of Socialists and Democrats in the European Parliament,S&D,124785,Maria GRAPINI,Member,2019-07-02,
Group of the Greens/European Free Alliance,Greens/EFA,197549,Markéta GREGOROVÁ,Member,2019-07-02,
Group of the Progressive Alliance of Socialists and Democrats in the European Parliament,S&D,124961,Theresa GRIFFIN,Member,2019-07-02,2020-01-31
Identity and Democracy Group,ID,94649,Catherine GRISET,Member,2019-07-02,
Renew Europe Group,RE,197780,Bart GROOTHUIS,Member,2020-02-01,
Renew Europe Group,RE,197452,Klemen GROŠELJ,Member,2019-07-02,
Renew Europe Group,RE,197557,Christophe GRUDLER,Member,2019-07-02,
Group of the Greens/European Free Alliance,Greens/EFA,204420,Claude GRUFFAT,Member,2020-02-05,
Group of the Progressive Alliance of Socialists and Democrats in the European Parliament,S&D,197618,Elisabetta GUALMINI,Member,2019-07-02,2022-10-17
Group of the Progressive Alliance of Socialists and Democrats in the European Parliament,S&D,197618,Elisabetta GUALMINI,Vice-Chair,2022-10-18,
Group of the Progressive Alliance of Socialists and Democrats in the European Parliament,S&D,96892,Roberto GUALTIERI,Vice-Chair,2019-07-02,2019-09-05
Group of the Greens/European Free Alliance,Greens/EFA,197645,Francisco GUERREIRO,Member,2019-07-02,
Renew Europe Group,RE,197543,Bernard GUETTA,Member,2019-07-02,
Group of the Progressive Alliance of Socialists and Democrats in the European Parliament,S&D,96952,Sylvie GUILLAUME,Member,2019-07-02,
Group of the European United Left,GUE/NGL,88715,José GUSMÃO,Member,2019-07-02,2020-12-17
The Left group in the European Parliament,GUE/NGL,88715,José GUSMÃO,Member,2020-12-18,
Group of the Progressive Alliance of Socialists and Democrats in the European Parliament,S&D,124991,Jytte GUTELAND,Member,2019-07-02,2022-09-25
Non-attached Members,NI,198063,Márton GYÖNGYÖSI,Member,2019-07-02,
Group of the European People's Party,EPP,96830,Enikő GYŐRI,Member,2019-07-02,2021-03-04
Non-attached Members,NI,96830,Enikő GYŐRI,Member,2021-03-05,
Group of the European People's Party,EPP,23816,András GYÜRK,Member,2019-07-02,2021-03-04
Non-attached Members,NI,23816,András GYÜRK,Member,2021-03-05,
Non-attached Members,NI,197642,Ben HABIB,Member,2019-07-02,2020-01-31
Non-attached Members,NI,247709,Anja HAGA,Member,2023-09-05,2023-09-13
Group of the European People's Party,EPP,247709,Anja HAGA,Member,2023-09-14,
Renew Europe Group,RE,197444,Svenja HAHN,Member,2019-07-02,
Group of the Greens/European Free Alliance,Greens/EFA,197457,Henrike HAHN,Member,2019-07-02,
Identity and Democracy Group,ID,198176,Roman HAIDER,Member,2019-07-02,
Group of the Progressive Alliance of Socialists and Democrats in the European Parliament,S&D,34578,Robert HAJŠEL,Member,2019-07-02,
Identity and Democracy Group,ID,197596,Teuvo HAKKARAINEN,Member,2019-07-02,2023-04-04
European Conservatives and Reformists Group,ECR,197596,Teuvo HAKKARAINEN,Member,2023-04-06,
Group of the European People's Party,EPP,197514,Andrzej HALICKI,Member,2019-07-02,
European Conservatives and Reformists Group,ECR,4555,Daniel HANNAN,Vice-Chair,2019-07-02,2020-01-31
Group of the European People's Party,EPP,193419,Christophe HANSEN,Member,2019-07-02,
Non-attached Members,NI,197809,Lucy Elizabeth HARRIS,Member,2019-07-02,2020-01-09
European Conservatives and Reformists Group,ECR,197809,Lucy Elizabeth HARRIS,Member,2020-01-10,2020-01-31
Group of the Greens/European Free Alliance,Greens/EFA,96752,Martin HÄUSLING,Member,2019-07-02,
Group of the Greens/European Free Alliance,Greens/EFA,2054,Heidi HAUTALA,Member,2019-07-02,
Group of the European People's Party,EPP,197646,Mircea-Gheorghe HAVA,Member,2019-07-02,
Renew Europe Group,RE,135511,Valérie HAYER,Member,2019-07-02,
Group of the European United Left,GUE/NGL,125023,Anja HAZEKAMP,Member,2019-07-02,2020-12-17
The Left group in the European Parliament,GUE/NGL,125023,Anja HAZEKAMP,Member,2020-12-18,
Non-attached Members,NI,197601,Michael HEAVER,Member,2019-07-02,2020-01-31
Group of the Progressive Alliance of Socialists and Democrats in the European Parliament,S&D,197682,Hannes HEIDE,Member,2019-07-02,
Group of the Progressive Alliance of Socialists and Democrats in the European Parliament,S&D,197800,Eero HEINÄLUOMA,Treasurer,2019-07-02,2021-12-15
Group of the Progressive Alliance of Socialists and Democrats in the European Parliament,S&D,197800,Eero HEINÄLUOMA,Vice-Chair,2021-12-16,
Group of the European People's Party,EPP,197412,Niclas HERBST,Member,2019-07-02,
Group of the Greens/European Free Alliance,Greens/EFA,197459,Pierrette HERZBERGER-FOFANA,Member,2019-07-02,
Group of the European People's Party,EPP,124895,Krzysztof HETMAN,Member,2019-07-02,
Group of the European People's Party,EPP,124586,Balázs HIDVÉGHI,Member,2019-07-02,2021-03-04
Non-attached Members,NI,124586,Balázs HIDVÉGHI,Member,2021-03-05,
Renew Europe Group,RE,197526,Martin HLAVÁČEK,Member,2019-07-02,
Group of the European People's Party,EPP,96780,Monika HOHLMEIER,Member,2019-07-02,
Renew Europe Group,RE,197770,Martin HOJSÍK,Member,2019-07-02,
Group of the Greens/European Free Alliance,Greens/EFA,197398,Pär HOLMGREN,Member,2019-07-02,
Group of the European People's Party,EPP,124715,György HÖLVÉNYI,Member,2019-07-02,
Group of the Progressive Alliance of Socialists and Democrats in the European Parliament,S&D,122978,Alicia HOMS GINEL,Member,2019-07-02,
Non-attached Members,NI,218349,Michiel HOOGEVEEN,Member,2021-04-15,2021-04-18
European Conservatives and Reformists Group,ECR,218349,Michiel HOOGEVEEN,Member,2021-04-19,
Renew Europe Group,RE,197730,Antony HOOK,Member,2019-07-02,2020-01-31
Group of the European People's Party,EPP,5565,Brice HORTEFEUX,Member,2019-07-02,
Renew Europe Group,RE,197755,Martin HORWOOD,Vice-Chair,2019-07-02,2020-01-31
Group of the Progressive Alliance of Socialists and Democrats in the European Parliament,S&D,188636,John HOWARTH,Member,2019-07-02,2020-01-31
Group of the Progressive Alliance of Socialists and Democrats in the European Parliament,S&D,197846,Ivo HRISTOV,Member,2019-07-02,
Group of the European People's Party,EPP,96779,Danuta Maria HÜBNER,Member,2019-07-02,
Identity and Democracy Group,ID,197594,Laura HUHTASAARI,Member of the Bureau,2019-07-02,2023-04-04
Non-attached Members,NI,197594,Laura HUHTASAARI,Member,2023-04-05,2023-04-11
Renew Europe Group,RE,58789,Jan HUITEMA,Member,2019-07-02,
Renew Europe Group,RE,197624,Ivars IJABS,Member,2019-07-02,
European Conservatives and Reformists Group,ECR,221463,Ladislav ILČIĆ,Member,2021-07-01,2021-07-05
European Conservatives and Reformists Group,ECR,221463,Ladislav ILČIĆ,Member of the Bureau,2021-07-06,
Group of the Progressive Alliance of Socialists and Democrats in the European Parliament,S&D,197392,Evin INCIR,Member,2019-07-02,
Renew Europe Group,RE,28266,Sophia IN 'T VELD,Member,2019-07-02,
Group of the Greens/European Free Alliance,Greens/EFA,96740,Yannick JADOT,Member,2019-07-02,
Group of the European People's Party,EPP,96772,Peter JAHR,Member,2019-07-02,
Group of the Greens/European Free Alliance,Greens/EFA,197837,Stasys JAKELIŪNAS,Member,2019-07-02,
European Conservatives and Reformists Group,ECR,197516,Patryk JAKI,Member,2019-07-02,
Identity and Democracy Group,ID,124770,Jean-François JALKH,Member,2019-07-02,
Identity and Democracy Group,ID,189065,France JAMET,Member,2019-07-02,
Group of the European People's Party,EPP,28141,Lívia JÁRÓKA,Member,2019-07-02,2021-03-04
Non-attached Members,NI,28141,Lívia JÁRÓKA,Member,2021-03-05,
Group of the European People's Party,EPP,197517,Adam JARUBAS,Member,2019-07-02,
Group of the Progressive Alliance of Socialists and Democrats in the European Parliament,S&D,112747,Romana JERKOVIĆ,Member,2020-02-01,
Group of the Progressive Alliance of Socialists and Democrats in the European Parliament,S&D,197758,Jackie JONES,Member,2019-07-02,2020-01-31
Group of the Progressive Alliance of Socialists and Democrats in the European Parliament,S&D,125021,Agnes JONGERIUS,Member,2019-07-02,
Non-attached Members,NI,197752,Christina Sheila JORDAN,Member,2019-07-02,2020-01-31
Identity and Democracy Group,ID,197627,Virginie JORON,Member,2019-07-02,
Renew Europe Group,RE,197447,Irena JOVEVA,Member,2019-07-02,
Group of the European People's Party,EPP,197840,Rasa JUKNEVIČIENĖ,Member,2019-07-02,2022-01-24
Group of the European People's Party,EPP,197840,Rasa JUKNEVIČIENĖ,Vice-Chair,2022-01-25,
Non-attached Members,NI,96708,Oriol JUNQUERAS I VIES,Member,2019-07-02,2020-01-02
European Conservatives and Reformists Group,ECR,197518,Krzysztof JURGIEL,Member,2019-07-02,
European Conservatives and Reformists Group,ECR,197767,Eugen JURZYCA,Member of the Bureau,2019-07-02,
Identity and Democracy Group,ID,197626,Hervé JUVIN,Member,2019-07-02,2022-11-09
Non-attached Members,NI,197626,Hervé JUVIN,Member,2022-11-10,
Group of the Progressive Alliance of Socialists and Democrats in the European Parliament,S&D,125109,Eva KAILI,Member,2019-07-02,2022-12-08
Non-attached Members,NI,125109,Eva KAILI,Member,2022-12-09,
Group of the European People's Party,EPP,96771,Jarosław KALINOWSKI,Member,2019-07-02,
Group of the Progressive Alliance of Socialists and Democrats in the European Parliament,S&D,197491,Marina KALJURAND,Member,2019-07-02,
Group of the European People's Party,EPP,96934,Sandra KALNIETE,Member,2019-07-02,2019-09-16
Group of the European People's Party,EPP,96934,Sandra KALNIETE,Vice-Chair,2019-09-17,2022-01-24
Group of the European People's Party,EPP,96934,Sandra KALNIETE,Member,2022-01-25,
Group of the Progressive Alliance of Socialists and Democrats in the European Parliament,S&D,96837,Petra KAMMEREVERT,Member,2019-07-02,
Group of the European People's Party,EPP,197839,Radan KANEV,Member,2019-07-02,
European Conservatives and Reformists Group,ECR,197469,Assita KANKO,Vice-Chair,2019-07-02,
Group of the European People's Party,EPP,4246,Othmar KARAS,Member,2019-07-02,
Renew Europe Group,RE,197585,Pierre KARLESKIND,Member,2019-07-02,
Renew Europe Group,RE,197401,Karin KARLSBRO,Member,2019-07-02,
European Conservatives and Reformists Group,ECR,124887,Karol KARSKI,Member of the Bureau,2019-07-02,
Renew Europe Group,RE,191693,Elsi KATAINEN,Member,2019-07-02,
Group of the European People's Party,EPP,125068,Manolis KEFALOGIANNIS,Member,2019-07-02,
Renew Europe Group,RE,197818,Billy KELLEHER,Member,2019-07-02,
Renew Europe Group,RE,22858,Fabienne KELLER,Member,2019-07-02,
Group of the Greens/European Free Alliance,Greens/EFA,96734,Ska KELLER,Co-President,2019-07-02,2022-09-13
Group of the Greens/European Free Alliance,Greens/EFA,96734,Ska KELLER,Member,2022-09-14,
Group of the European People's Party,EPP,96668,Seán KELLY,Member,2019-07-02,
European Conservatives and Reformists Group,ECR,197519,Beata KEMPA,Member,2019-07-02,
Group of the Progressive Alliance of Socialists and Democrats in the European Parliament,S&D,124953,Jude KIRTON-DARLING,Member,2019-07-02,2020-01-31
Group of the European United Left,GUE/NGL,197415,Niyazi KIZILYÜREK,Member,2019-07-02,2020-12-17
The Left group in the European Parliament,GUE/NGL,197415,Niyazi KIZILYÜREK,Member,2020-12-18,
European Conservatives and Reformists Group,ECR,197520,Izabela-Helena KLOC,Member,2019-07-02,
Renew Europe Group,RE,197528,Ondřej KNOTEK,Member,2019-07-02,
Identity and Democracy Group,ID,197570,Peter KOFOD,Member of the Bureau,2019-07-02,2022-11-14
Group of the Progressive Alliance of Socialists and Democrats in the European Parliament,S&D,197523,Łukasz KOHUT,Member,2019-07-02,
Group of the European People's Party,EPP,197406,Arba KOKALARI,Member,2019-07-02,
Group of the European United Left,GUE/NGL,197743,Petros KOKKALIS,Member,2019-07-02,2020-12-17
The Left group in the European Parliament,GUE/NGL,197743,Petros KOKKALIS,Member,2020-12-18,
Group of the Greens/European Free Alliance,Greens/EFA,197546,Marcel KOLAJA,Member,2019-07-02,
Non-attached Members,NI,197438,Mislav KOLAKUŠIĆ,Member,2019-07-02,
Group of the European United Left,GUE/NGL,23699,Kateřina KONEČNÁ,Member,2019-07-02,2020-12-17
The Left group in the European Parliament,GUE/NGL,23699,Kateřina KONEČNÁ,Member,2020-12-18,
Non-attached Members,NI,197740,Athanasios KONSTANTINOU,Member,2019-07-02,
Group of the European People's Party,EPP,197525,Ewa KOPACZ,Vice-Chair,2019-07-02,2019-09-16
Group of the European People's Party,EPP,197525,Ewa KOPACZ,Member of the Bureau,2019-09-17,
European Conservatives and Reformists Group,ECR,197530,Joanna KOPCIŃSKA,Member,2019-07-02,
Renew Europe Group,RE,197445,Moritz KÖRNER,Member,2019-07-02,
Group of the European People's Party,EPP,96829,Ádám KÓSA,Member,2019-07-02,2021-03-04
Non-attached Members,NI,96829,Ádám KÓSA,Member,2021-03-05,
Group of the Progressive Alliance of Socialists and Democrats in the European Parliament,S&D,124822,Dietmar KÖSTER,Member,2019-07-02,
Group of the European United Left,GUE/NGL,130833,Stelios KOULOGLOU,Member,2019-07-02,2020-12-17
The Left group in the European Parliament,GUE/NGL,130833,Stelios KOULOGLOU,Member,2020-12-18,
Group of the European United Left,GUE/NGL,197699,Elena KOUNTOURA,Member,2019-07-02,2020-12-17
The Left group in the European Parliament,GUE/NGL,197699,Elena KOUNTOURA,Member,2020-12-18,
Renew Europe Group,RE,118949,Ondřej KOVAŘÍK,Member,2019-07-02,
Group of the European People's Party,EPP,97968,Andrey KOVATCHEV,Vice-Chair,2019-07-02,2022-01-24
Group of the European People's Party,EPP,97968,Andrey KOVATCHEV,Member,2022-01-25,
Identity and Democracy Group,ID,197481,Maximilian KRAH,Member,2019-07-02,
European Conservatives and Reformists Group,ECR,124891,Zdzisław KRASNODĘBSKI,Member,2019-07-02,2019-11-20
European Conservatives and Reformists Group,ECR,124891,Zdzisław KRASNODĘBSKI,Member of the Bureau,2019-11-21,
Group of the Progressive Alliance of Socialists and Democrats in the European Parliament,S&D,1854,Constanze KREHL,Member,2019-07-02,2022-10-02
European Conservatives and Reformists Group,ECR,197532,Elżbieta KRUK,Member,2019-07-02,
Group of the European People's Party,EPP,197843,Andrius KUBILIUS,Member,2019-07-02,
Group of the Greens/European Free Alliance,Greens/EFA,197395,Alice KUHNKE,Vice-Chair,2019-07-02,
Identity and Democracy Group,ID,197482,Joachim KUHS,Member,2019-07-02,
Group of the Progressive Alliance of Socialists and Democrats in the European Parliament,S&D,124735,Miapetra KUMPULA-NATRI,Member,2019-07-02,
European Conservatives and Reformists Group,ECR,28389,Zbigniew KUŹMIUK,Member,2019-07-02,
Group of the European People's Party,EPP,197692,Stelios KYMPOUROPOULOS,Member,2019-07-02,
Group of the European People's Party,EPP,125063,Georgios KYRTSOS,Member,2019-07-02,2022-05-04
Renew Europe Group,RE,125063,Georgios KYRTSOS,Member,2022-05-05,
Renew Europe Group,RE,124866,Ilhan KYUCHYUK,Member,2019-07-02,
Identity and Democracy Group,ID,204421,Jean-Lin LACAPELLE,Member,2020-02-01,
Group of the Greens/European Free Alliance,Greens/EFA,197460,Sergey LAGODINSKY,Member,2019-07-02,
Non-attached Members,NI,197737,Ioannis LAGOS,Member,2019-07-02,
Group of the Progressive Alliance of Socialists and Democrats in the European Parliament,S&D,197697,Aurore LALUCQ,Member,2019-07-02,
Group of the Greens/European Free Alliance,Greens/EFA,96648,Philippe LAMBERTS,Co-President,2019-07-02,2022-09-13
Group of the Greens/European Free Alliance,Greens/EFA,96648,Philippe LAMBERTS,Chair,2022-09-14,2022-10-12
Group of the Greens/European Free Alliance,Greens/EFA,96648,Philippe LAMBERTS,Co-President,2022-10-13,
Identity and Democracy Group,ID,192635,Danilo Oscar LANCINI,Member,2019-07-02,
Group of the Progressive Alliance of Socialists and Democrats in the European Parliament,S&D,1909,Bernd LANGE,Vice-Chair,2019-07-02,2021-12-14
Group of the Progressive Alliance of Socialists and Democrats in the European Parliament,S&D,1909,Bernd LANGE,Member,2021-12-15,
Group of the European People's Party,EPP,38398,Esther de LANGE,Vice-Chair,2019-07-02,
Group of the Greens/European Free Alliance,Greens/EFA,197461,Katrin LANGENSIEPEN,Member,2019-07-02,
Identity and Democracy Group,ID,197597,Hélène LAPORTE,Member,2019-07-02,2022-07-28
Group of the Progressive Alliance of Socialists and Democrats in the European Parliament,S&D,197698,Pierre LARROUTUROU,Member,2019-07-02,
Group of the Progressive Alliance of Socialists and Democrats in the European Parliament,S&D,230085,Camilla LAURETI,Member,2022-01-12,
Identity and Democracy Group,ID,124738,Gilles LEBRETON,Member,2019-07-02,
Identity and Democracy Group,ID,197686,Julie LECHANTEUX,Member,2019-07-02,2022-07-28
Group of the European People's Party,EPP,197393,David LEGA,Member,2019-07-02,
European Conservatives and Reformists Group,ECR,96796,Ryszard Antoni LEGUTKO,Co-Chair,2019-07-02,2022-10-12
European Conservatives and Reformists Group,ECR,96796,Ryszard Antoni LEGUTKO,Chair,2022-10-13,2023-02-13
European Conservatives and Reformists Group,ECR,96796,Ryszard Antoni LEGUTKO,Co-Chair,2023-02-14,
Group of the Progressive Alliance of Socialists and Democrats in the European Parliament,S&D,197635,Maria-Manuel LEITÃO-MARQUES,Member,2019-07-02,
Group of the European People's Party,EPP,95074,Jeroen LENAERS,Member,2019-07-02,
Group of the European People's Party,EPP,23781,Janusz LEWANDOWSKI,Member,2019-07-02,
Group of the European People's Party,EPP,204336,Miriam LEXMANN,Member,2020-02-01,
Group of the Progressive Alliance of Socialists and Democrats in the European Parliament,S&D,23768,Bogusław LIBERADZKI,Member,2019-07-02,
Group of the European People's Party,EPP,1927,Peter LIESE,Member,2019-07-02,
Identity and Democracy Group,ID,197483,Sylvia LIMMER,Member,2019-07-02,
Group of the European People's Party,EPP,124808,Norbert LINS,Member,2019-07-02,
Identity and Democracy Group,ID,197611,Elena LIZZI,Member,2019-07-02,
Renew Europe Group,RE,197494,Nathalie LOISEAU,Member,2019-07-02,
Renew Europe Group,RE,96709,Morten LØKKEGAARD,Vice-Chair,2019-07-02,
Renew Europe Group,RE,197816,Naomi LONG,Member,2019-07-02,2020-01-31
Non-attached Members,NI,197807,John LONGWORTH,Member,2019-07-02,2020-01-09
European Conservatives and Reformists Group,ECR,197807,John LONGWORTH,Member,2020-01-10,2020-01-31
Group of the Progressive Alliance of Socialists and Democrats in the European Parliament,S&D,125042,Javi LÓPEZ,Member,2019-07-02,
Group of the Progressive Alliance of Socialists and Democrats in the European Parliament,S&D,96812,Juan Fernando LÓPEZ AGUILAR,Member,2019-07-02,
Group of the European People's Party,EPP,197777,Leopoldo LÓPEZ GIL,Member,2019-07-02,
Group of the European People's Party,EPP,28399,Antonio LÓPEZ-ISTÚRIZ WHITE,Member,2019-07-02,
Non-attached Members,NI,197759,Rupert LOWE,Member,2019-07-02,2020-01-31
Group of the Progressive Alliance of Socialists and Democrats in the European Parliament,S&D,228286,Karsten LUCKE,Member,2022-01-11,
Group of the Progressive Alliance of Socialists and Democrats in the European Parliament,S&D,197721,César LUENA,Member,2019-07-02,
Group of the European People's Party,EPP,96791,Elżbieta Katarzyna ŁUKACIJEWSKA,Member,2019-07-02,
European Conservatives and Reformists Group,ECR,124996,Peter LUNDGREN,Vice-Chair,2019-07-02,2022-04-04
European Conservatives and Reformists Group,ECR,124996,Peter LUNDGREN,Member,2022-04-05,
Group of the European People's Party,EPP,197458,Benoît LUTGEN,Member,2019-07-02,
Group of the European People's Party,EPP,124806,David McALLISTER,Member,2019-07-02,
Group of the European People's Party,EPP,28115,Mairead McGUINNESS,Vice-Chair,2019-07-02,2019-09-16
Group of the European People's Party,EPP,28115,Mairead McGUINNESS,Member of the Bureau,2019-09-17,2020-10-11
European Conservatives and Reformists Group,ECR,111011,Anthea McINTYRE,Member,2019-07-02,2020-01-31
Group of the Greens/European Free Alliance,Greens/EFA,30490,Aileen McLEOD,Member,2019-07-02,2020-01-31
Non-attached Members,NI,205452,Chris MACMANUS,Member,2020-03-06,2020-03-08
Group of the European United Left,GUE/NGL,205452,Chris MACMANUS,Member,2020-03-09,2020-12-17
The Left group in the European Parliament,GUE/NGL,205452,Chris MACMANUS,Member,2020-12-18,
Identity and Democracy Group,ID,197493,Jaak MADISON,Treasurer,2019-07-02,
Group of the Progressive Alliance of Socialists and Democrats in the European Parliament,S&D,197719,Cristina MAESTRE MARTÍN DE ALMAGRO,Member,2019-07-02,
Group of the Greens/European Free Alliance,Greens/EFA,197812,Magid MAGID,Member,2019-07-02,2020-01-31
Group of the Progressive Alliance of Socialists and Democrats in the European Parliament,S&D,197592,Pierfrancesco MAJORINO,Member,2019-07-02,2023-04-04
Group of the European People's Party,EPP,197835,Aušra MALDEIKIENĖ,Member,2019-07-02,
Group of the Progressive Alliance of Socialists and Democrats in the European Parliament,S&D,197735,Adriana MALDONADO LÓPEZ,Member,2019-07-02,2023-08-16
Group of the Progressive Alliance of Socialists and Democrats in the European Parliament,S&D,197653,Claudiu MANDA,Member,2019-07-02,
Group of the European People's Party,EPP,4560,Antonius MANDERS,Member,2019-07-02,
Group of the European People's Party,EPP,190713,Lukas MANDL,Member,2019-07-02,
Identity and Democracy Group,ID,197623,Thierry MARIANI,Member,2019-07-02,
Group of the European People's Party,EPP,33982,Marian-Jean MARINESCU,Member,2019-07-02,
Non-attached Members,NI,209896,Colm MARKEY,Member,2020-11-20,2020-11-23
Group of the European People's Party,EPP,209896,Colm MARKEY,Member,2020-11-24,
Group of the Greens/European Free Alliance,Greens/EFA,197462,Erik MARQUARDT,Member,2019-07-02,
Group of the Progressive Alliance of Socialists and Democrats in the European Parliament,S&D,197638,Margarida MARQUES,Member,2019-07-02,
Group of the Progressive Alliance of Socialists and Democrats in the European Parliament,S&D,197634,Pedro MARQUES,Member,2019-07-02,2021-12-15
Group of the Progressive Alliance of Socialists and Democrats in the European Parliament,S&D,197634,Pedro MARQUES,Vice-Chair,2021-12-16,
Group of the European People's Party,EPP,124828,Fulvio MARTUSCIELLO,Member,2019-07-02,
Group of the European United Left,GUE/NGL,96820,Marisa MATIAS,Vice-Chair,2019-07-02,2020-12-17
The Left group in the European Parliament,GUE/NGL,96820,Marisa MATIAS,Vice-Chair,2020-12-18,
Group of the Progressive Alliance of Socialists and Democrats in the European Parliament,S&D,197441,Predrag Fred MATIĆ,Member,2019-07-02,
Group of the European People's Party,EPP,96936,Gabriel MATO,Member,2020-02-01,
Group of the Greens/European Free Alliance,Greens/EFA,208722,Sara MATTHIEU,Member,2020-10-08,
Group of the European United Left,GUE/NGL,24505,Emmanuel MAUREL,Member,2019-07-02,2020-12-17
The Left group in the European Parliament,GUE/NGL,24505,Emmanuel MAUREL,Member,2020-12-18,
Group of the Progressive Alliance of Socialists and Democrats in the European Parliament,S&D,124691,Costas MAVRIDES,Member,2019-07-02,
Renew Europe Group,RE,197522,Radka MAXOVÁ,Member,2019-07-02,2021-03-23
Group of the Progressive Alliance of Socialists and Democrats in the European Parliament,S&D,197522,Radka MAXOVÁ,Member,2021-03-24,
Group of the European People's Party,EPP,98341,Eva MAYDELL,Member,2019-07-02,
Identity and Democracy Group,ID,38511,Georg MAYER,Member,2019-07-02,
European Conservatives and Reformists Group,ECR,197538,Beata MAZUREK,Member,2019-07-02,
Group of the European People's Party,EPP,197841,Liudas MAŽYLIS,Member,2019-07-02,
Group of the Progressive Alliance of Socialists and Democrats in the European Parliament,S&D,204418,Nora MEBAREK,Member,2020-02-01,
Group of the European People's Party,EPP,197662,Vangelis MEIMARAKIS,Vice-Chair,2019-07-02,
European Conservatives and Reformists Group,ECR,130256,Dace MELBĀRDE,Member,2019-07-02,2022-09-06
Non-attached Members,NI,130256,Dace MELBĀRDE,Member,2022-09-07,2022-10-04
Group of the European People's Party,EPP,130256,Dace MELBĀRDE,Member,2022-10-05,
Renew Europe Group,RE,197567,Karen MELCHIOR,Member,2019-07-02,
Identity and Democracy Group,ID,124765,Joëlle MÉLIN,Member,2019-07-02,2022-07-28
Group of the European People's Party,EPP,96978,Nuno MELO,Member,2019-07-02,
The Left group in the European Parliament,GUE/NGL,236053,Marina MESURE,Member,2022-07-29,
Group of the European People's Party,EPP,118859,Roberta METSOLA,Member,2019-07-02,
Group of the Greens/European Free Alliance,Greens/EFA,193292,Tilly METZ,Member,2019-07-02,
Identity and Democracy Group,ID,190518,Jörg MEUTHEN,Vice-Chair,2019-07-02,2022-02-13
Non-attached Members,NI,190518,Jörg MEUTHEN,Member,2022-02-14,
Group of the European United Left,GUE/NGL,120478,Martina MICHELS,Member,2019-07-02,2020-12-17
The Left group in the European Parliament,GUE/NGL,120478,Martina MICHELS,Member,2020-12-18,
Renew Europe Group,RE,125128,Iskra MIHAYLOVA,Vice-Chair,2019-07-02,
Group of the Progressive Alliance of Socialists and Democrats in the European Parliament,S&D,197497,Sven MIKSER,Member,2019-07-02,
Group of the European People's Party,EPP,197824,Giuseppe MILAZZO,Member,2019-07-02,2021-06-22
European Conservatives and Reformists Group,ECR,197824,Giuseppe MILAZZO,Member,2021-06-23,
Group of the European People's Party,EPP,28400,Francisco José MILLÁN MON,Member,2019-07-02,
Group of the Progressive Alliance of Socialists and Democrats in the European Parliament,S&D,197540,Leszek MILLER,Member,2019-07-02,
Identity and Democracy Group,ID,236051,Eric MINARDI,Member,2022-07-29,
Group of the Greens/European Free Alliance,Greens/EFA,24942,Ana MIRANDA,Member,2022-09-05,
Renew Europe Group,RE,212855,Alin MITUȚA,Member,2020-12-28,
European Conservatives and Reformists Group,ECR,189391,Baroness Nosheena MOBARIK,Member,2019-07-02,2020-01-31
Group of the European United Left,GUE/NGL,197805,Silvia MODIG,Member,2019-07-02,2020-12-17
The Left group in the European Parliament,GUE/NGL,197805,Silvia MODIG,Member,2020-12-18,
Renew Europe Group,RE,197811,Shaffaq MOHAMMED,Member,2019-07-02,2020-01-31
Group of the Progressive Alliance of Socialists and Democrats in the European Parliament,S&D,124722,Csaba MOLNÁR,Member,2019-07-02,
Group of the European People's Party,EPP,124734,Cláudia MONTEIRO DE AGUIAR,Member,2019-07-02,
Non-attached Members,NI,197704,Brian MONTEITH,Member,2019-07-02,2020-01-31
Group of the European People's Party,EPP,197711,Dolors MONTSERRAT,Member,2019-07-02,2023-09-12
Group of the European People's Party,EPP,197711,Dolors MONTSERRAT,Vice-Chair,2023-09-13,
Group of the Progressive Alliance of Socialists and Democrats in the European Parliament,S&D,4519,Claude MORAES,Vice-Chair,2019-07-02,2020-01-31
Group of the European People's Party,EPP,72779,Nadine MORANO,Member,2019-07-02,
Group of the Progressive Alliance of Socialists and Democrats in the European Parliament,S&D,28347,Javier MORENO SÁNCHEZ,Member,2019-07-02,
Group of the Progressive Alliance of Socialists and Democrats in the European Parliament,S&D,124799,Alessandra MORETTI,Member,2019-07-02,
Group of the European People's Party,EPP,197427,Marlene MORTLER,Member,2019-07-02,
Group of the European People's Party,EPP,197647,Dan-Ştefan MOTREANU,Member,2019-07-02,
European Conservatives and Reformists Group,ECR,197541,Andżelika Anna MOŻDŻANOWSKA,Member,2019-07-02,
Renew Europe Group,RE,124862,Ulrike MÜLLER,Member,2019-07-02,
Non-attached Members,NI,197603,June Alison MUMMERY,Member,2019-07-02,2020-01-31
Group of the European People's Party,EPP,124802,Siegfried MUREŞAN,Vice-Chair,2019-07-02,
Group of the European People's Party,EPP,28429,Alessandra MUSSOLINI,Member,2022-11-02,
Renew Europe Group,RE,190519,Caroline NAGTEGAAL,Member,2019-07-02,
Renew Europe Group,RE,125005,Javier NART,Member,2019-07-02,
Group of the Progressive Alliance of Socialists and Democrats in the European Parliament,S&D,88882,Victor NEGRESCU,Member,2020-02-01,
Group of the Progressive Alliance of Socialists and Democrats in the European Parliament,S&D,233862,Matjaž NEMEC,Member,2022-05-18,
European Conservatives and Reformists Group,ECR,239260,Denis NESCI,Member,2022-11-02,
Renew Europe Group,RE,197604,Lucy NETHSINGHA,Member,2019-07-02,2020-01-31
Group of the Greens/European Free Alliance,Greens/EFA,197464,Hannah NEUMANN,Member,2019-07-02,
Group of the Progressive Alliance of Socialists and Democrats in the European Parliament,S&D,96844,Norbert NEUSER,Member,2019-07-02,2022-01-10
Renew Europe Group,RE,1394,Bill NEWTON DUNN,Member,2019-07-02,2020-01-31
Group of the Progressive Alliance of Socialists and Democrats in the European Parliament,S&D,124784,Dan NICA,Member,2019-07-02,
Group of the European People's Party,EPP,4289,Angelika NIEBLER,Member,2019-07-02,
Group of the European People's Party,EPP,124701,Luděk NIEDERMAYER,Member,2019-07-02,
Group of the Greens/European Free Alliance,Greens/EFA,197465,Niklas NIENASS,Member,2019-07-02,
Group of the Greens/European Free Alliance,Greens/EFA,197802,Ville NIINISTÖ,Member,2019-07-02,
Non-attached Members,NI,197734,Lefteris NIKOLAOU-ALAVANOS,Member,2019-07-02,
European Conservatives and Reformists Group,ECR,238639,Johan NISSINEN,Member,2022-10-11,
Group of the European People's Party,EPP,202112,Gheorghe-Vlad NISTOR,Member,2019-12-02,
Group of the Progressive Alliance of Socialists and Democrats in the European Parliament,S&D,124836,Maria NOICHL,Member,2019-07-02,
Group of the European People's Party,EPP,28294,Ljudmila NOVAK,Member,2019-07-02,
Group of the European People's Party,EPP,107212,Andrey NOVAKOV,Member,2019-07-02,
Group of the European People's Party,EPP,197542,Janina OCHOJSKA,Member,2019-07-02,
Renew Europe Group,RE,197432,Jan-Christoph OETJEN,Member,2019-07-02,
Group of the Progressive Alliance of Socialists and Democrats in the European Parliament,S&D,237779,Carina OHLSSON,Member,2022-09-26,
Group of the European People's Party,EPP,28288,Jan OLBRYCHT,Member,2019-07-02,2019-09-16
Group of the European People's Party,EPP,28288,Jan OLBRYCHT,Vice-Chair,2019-09-17,
Group of the Progressive Alliance of Socialists and Democrats in the European Parliament,S&D,197838,Juozas OLEKAS,Member,2019-07-02,
Identity and Democracy Group,ID,197687,Philippe OLIVIER,Member,2019-07-02,
Group of the European United Left,GUE/NGL,30482,Younous OMARJEE,Member,2019-07-02,2020-12-17
The Left group in the European Parliament,GUE/NGL,30482,Younous OMARJEE,Member,2020-12-18,
Renew Europe Group,RE,234344,Max ORVILLE,Member,2022-05-20,
Group of the Greens/European Free Alliance,Greens/EFA,197889,Grace O'SULLIVAN,Member,2019-07-02,
Non-attached Members,NI,197712,Henrik OVERGAARD NIELSEN,Member,2019-07-02,2020-01-31
Renew Europe Group,RE,129073,Urmas PAET,Member,2019-07-02,
Renew Europe Group,RE,125038,Maite PAGAZAURTUNDÚA,Member,2019-07-02,
Group of the Progressive Alliance of Socialists and Democrats in the European Parliament,S&D,190099,Rory PALMER,Member,2019-07-02,2020-01-31
Identity and Democracy Group,ID,99283,Alessandro PANZA,Member,2019-07-02,
Group of the Progressive Alliance of Socialists and Democrats in the European Parliament,S&D,124692,Demetris PAPADAKIS,Member,2019-07-02,
Non-attached Members,NI,125093,Kostas PAPADAKIS,Member,2019-07-02,
Group of the European United Left,GUE/NGL,28586,Dimitrios PAPADIMOULIS,Member,2019-07-02,2020-12-17
The Left group in the European Parliament,GUE/NGL,28586,Dimitrios PAPADIMOULIS,Member,2020-12-18,
Group of the Progressive Alliance of Socialists and Democrats in the European Parliament,S&D,244571,Nikos PAPANDREOU,Member,2023-05-03,
Group of the European People's Party,EPP,36392,Aldo PATRICIELLO,Member,2019-07-02,
Non-attached Members,NI,197620,Matthew PATTEN,Member,2019-07-02,2020-01-31
Group of the Greens/European Free Alliance,Greens/EFA,197466,Jutta PAULUS,Member,2019-07-02,
Non-attached Members,NI,124844,Piernicola PEDICINI,Member,2019-07-02,2020-12-08
Group of the Greens/European Free Alliance,Greens/EFA,124844,Piernicola PEDICINI,Member,2020-12-09,
Group of the European People's Party,EPP,197420,Kris PEETERS,Member,2019-07-02,2021-01-11
Renew Europe Group,RE,197563,Mauri PEKKARINEN,Member,2019-07-02,
Group of the Greens/European Free Alliance,Greens/EFA,197539,Mikuláš PEKSA,Member,2019-07-02,
Group of the European United Left,GUE/NGL,197527,Anne-Sophie PELLETIER,Member,2019-07-02,2020-12-17
The Left group in the European Parliament,GUE/NGL,197527,Anne-Sophie PELLETIER,Member,2020-12-18,
Group of the Progressive Alliance of Socialists and Democrats in the European Parliament,S&D,197845,Tsvetelina PENKOVA,Member,2019-07-02,
Non-attached Members,NI,243979,Francesca PEPPUCCI,Member,2023-04-06,2023-04-19
Group of the European People's Party,EPP,243979,Francesca PEPPUCCI,Member,2023-04-20,
Group of the European United Left,GUE/NGL,197754,Sandra PEREIRA,Member,2019-07-02,2020-12-17
The Left group in the European Parliament,GUE/NGL,197754,Sandra PEREIRA,Member,2020-12-18,
Group of the European People's Party,EPP,197738,Lídia PEREIRA,Member,2019-07-02,
Group of the Greens/European Free Alliance,Greens/EFA,197573,Kira Marie PETER-HANSEN,Member,2019-07-02,2022-01-10
Group of the Greens/European Free Alliance,Greens/EFA,197573,Kira Marie PETER-HANSEN,Vice-Chair,2022-01-11,
Renew Europe Group,RE,124872,Morten PETERSEN,Member,2019-07-02,
Group of the Greens/European Free Alliance,Greens/EFA,197710,Alexandra Louise Rosenfield PHILLIPS,Member,2019-07-02,2020-01-31
Non-attached Members,NI,99461,Alexandra Lesley PHILLIPS,Member,2019-07-02,2020-01-31
Group of the Progressive Alliance of Socialists and Democrats in the European Parliament,S&D,124846,Pina PICIERNO,Member,2019-07-02,
Group of the Progressive Alliance of Socialists and Democrats in the European Parliament,S&D,112744,Tonino PICULA,Member,2019-07-02,
Group of the European People's Party,EPP,28224,Markus PIEPER,Member,2019-07-02,
Group of the European People's Party,EPP,40599,Sirpa PIETIKÄINEN,Member,2019-07-02,
Non-attached Members,NI,197619,Sabrina PIGNEDOLI,Member,2019-07-02,
The Left group in the European Parliament,GUE/NGL,136236,João PIMENTA LOPES,Member,2021-07-06,
Group of the European United Left,GUE/NGL,197828,Manu PINEDA,Member,2019-07-02,2020-12-17
The Left group in the European Parliament,GUE/NGL,197828,Manu PINEDA,Member,2020-12-18,
Identity and Democracy Group,ID,197629,Maxette PIRBAKAS,Member,2019-07-02,2022-02-01
Non-attached Members,NI,197629,Maxette PIRBAKAS,Member,2022-02-02,
Group of the Progressive Alliance of Socialists and Democrats in the European Parliament,S&D,37229,Kati PIRI,Vice-Chair,2019-07-02,2021-03-30
European Conservatives and Reformists Group,ECR,204414,Margarita DE LA PISA CARRIÓN,Member,2020-02-01,
Group of the Progressive Alliance of Socialists and Democrats in the European Parliament,S&D,197590,Giuliano PISAPIA,Member,2019-07-02,
Renew Europe Group,RE,197663,Dragoş PÎSLARU,Member,2019-07-02,
Group of the Progressive Alliance of Socialists and Democrats in the European Parliament,S&D,197732,Manuel PIZARRO,Member,2019-07-02,2022-09-09
Group of the Progressive Alliance of Socialists and Democrats in the European Parliament,S&D,38595,Rovana PLUMB,Vice-Chair,2019-07-02,
Group of the European People's Party,EPP,124704,Stanislav POLČÁK,Member,2019-07-02,
Group of the European People's Party,EPP,197404,Jessica POLFJÄRD,Member,2019-07-02,
Group of the European People's Party,EPP,197765,Peter POLLÁK,Member,2019-07-02,
Non-attached Members,NI,204443,Clara PONSATÍ OBIOLS,Member,2020-02-01,
Renew Europe Group,RE,237320,Eva Maria POPTCHEVA,Member,2022-09-15,
European Conservatives and Reformists Group,ECR,96801,Tomasz Piotr PORĘBA,Member of the Bureau,2019-07-02,
Renew Europe Group,RE,197700,Luisa PORRITT,Member,2019-07-02,2020-01-31
Group of the European People's Party,EPP,125706,Jiří POSPÍŠIL,Member,2019-07-02,
Renew Europe Group,RE,239972,Erik POULSEN,Member,2022-11-22,
European Conservatives and Reformists Group,ECR,197820,Nicola PROCACCINI,Member,2019-07-02,2023-02-13
European Conservatives and Reformists Group,ECR,197820,Nicola PROCACCINI,Co-Chair,2023-02-14,
Non-attached Members,NI,197813,Jake PUGH,Member,2019-07-02,2020-01-31
Non-attached Members,NI,202351,Carles PUIGDEMONT I CASAMAJÓ,Member,2019-07-02,
Non-attached Members,NI,197764,Miroslav RADAČOVSKÝ,Member,2019-07-02,
Group of the European People's Party,EPP,124850,Emil RADEV,Member,2019-07-02,
Group of the European People's Party,EPP,188945,Dennis RADTKE,Member,2019-07-02,
Renew Europe Group,RE,197868,Samira RAFAELA,Member,2019-07-02,
European Conservatives and Reformists Group,ECR,197544,Elżbieta RAFALSKA,Member,2019-07-02,
Group of the European People's Party,EPP,96903,Paulo RANGEL,Vice-Chair,2019-07-02,
Renew Europe Group,RE,239973,Bergur Løkke RASMUSSEN,Member,2022-11-22,
Non-attached Members,NI,197612,Annunziata Mary REES-MOGG,Member,2019-07-02,2020-01-09
European Conservatives and Reformists Group,ECR,197612,Annunziata Mary REES-MOGG,Member,2020-01-10,2020-01-31
Identity and Democracy Group,ID,197790,Luisa REGIMENTI,Member,2019-07-02,2021-06-20
Non-attached Members,NI,197790,Luisa REGIMENTI,Member,2021-06-21,2021-07-07
Group of the European People's Party,EPP,197790,Luisa REGIMENTI,Member,2021-07-08,2023-04-03
Group of the Progressive Alliance of Socialists and Democrats in the European Parliament,S&D,96998,Evelyn REGNER,Member,2019-07-02,
Group of the European United Left,GUE/NGL,197681,Sira REGO,Member,2019-07-02,2019-07-17
Group of the European United Left,GUE/NGL,197681,Sira REGO,Vice-Chair,2019-07-18,2020-12-17
The Left group in the European Parliament,GUE/NGL,197681,Sira REGO,Vice-Chair,2020-12-18,
Identity and Democracy Group,ID,197488,Guido REIL,Member,2019-07-02,
Group of the Greens/European Free Alliance,Greens/EFA,103381,Terry REINTKE,Vice-Chair,2019-07-02,2022-10-12
Group of the Greens/European Free Alliance,Greens/EFA,103381,Terry REINTKE,Co-President,2022-10-13,
Group of the Progressive Alliance of Socialists and Democrats in the European Parliament,S&D,229839,René REPASI,Member,2022-02-02,
Group of the European People's Party,EPP,197413,Karlo RESSLER,Member,2019-07-02,
Non-attached Members,NI,218347,Thijs REUTEN,Member,2021-04-15,2021-04-20
Group of the Progressive Alliance of Socialists and Democrats in the European Parliament,S&D,218347,Thijs REUTEN,Member,2021-04-21,
Group of the Greens/European Free Alliance,Greens/EFA,197832,Diana RIBA I GINER,Member,2019-07-02,
Renew Europe Group,RE,4253,Frédérique RIES,Vice-Chair,2019-07-02,
Identity and Democracy Group,ID,197787,Antonio Maria RINALDI,Member,2019-07-02,
Renew Europe Group,RE,229519,Catharina RINZEMA,Member,2022-01-18,
Group of the Greens/European Free Alliance,Greens/EFA,206158,Manuela RIPA,Member,2020-07-17,
Renew Europe Group,RE,96885,Dominique RIQUET,Vice-Chair,2019-07-02,
Renew Europe Group,RE,197815,Sheila RITCHIE,Member,2019-07-02,2020-01-31
Group of the Greens/European Free Alliance,Greens/EFA,96743,Michèle RIVASI,Member,2019-07-02,
Identity and Democracy Group,ID,197615,Jérôme RIVIÈRE,Member,2019-07-02,2022-01-24
Non-attached Members,NI,197615,Jérôme RIVIÈRE,Member,2022-01-25,
Group of the Progressive Alliance of Socialists and Democrats in the European Parliament,S&D,197801,Franco ROBERTI,Member,2019-07-02,
Group of the Progressive Alliance of Socialists and Democrats in the European Parliament,S&D,125043,Inma RODRÍGUEZ-PIÑERO,Member,2019-07-02,
Group of the European United Left,GUE/NGL,197785,Eugenia RODRÍGUEZ PALOP,Member,2019-07-02,2020-12-17
The Left group in the European Parliament,GUE/NGL,197785,Eugenia RODRÍGUEZ PALOP,Member,2020-12-18,
Renew Europe Group,RE,4344,María Soraya RODRÍGUEZ RAMOS,Member,2019-07-02,
Group of the Progressive Alliance of Socialists and Democrats in the European Parliament,S&D,197584,Sándor RÓNAI,Member,2019-07-02,
Non-attached Members,NI,197792,Daniela RONDINELLI,Member,2019-07-02,2023-01-24
Group of the Progressive Alliance of Socialists and Democrats in the European Parliament,S&D,197792,Daniela RONDINELLI,Member,2023-01-25,
European Conservatives and Reformists Group,ECR,197776,Rob ROOKEN,Member,2019-07-02,
Non-attached Members,NI,204733,Dorien ROOKMAKER,Member,2020-02-01,2021-12-07
European Conservatives and Reformists Group,ECR,204733,Dorien ROOKMAKER,Member,2021-12-08,
European Conservatives and Reformists Group,ECR,197709,Robert ROOS,Member,2019-07-02,2021-04-19
European Conservatives and Reformists Group,ECR,197709,Robert ROOS,Vice-Chair,2021-04-20,
Group of the Greens/European Free Alliance,Greens/EFA,197506,Caroline ROOSE,Member,2019-07-02,
Group of the Greens/European Free Alliance,Greens/EFA,125214,Bronis ROPĖ,Member,2019-07-02,
Group of the Progressive Alliance of Socialists and Democrats in the European Parliament,S&D,204413,Marcos ROS SEMPERE,Member,2020-02-01,
Identity and Democracy Group,ID,243912,Maria Veronica ROSSI,Member,2023-04-06,
Group of the Progressive Alliance of Socialists and Democrats in the European Parliament,S&D,96653,Katarína ROTH NEVEĎALOVÁ,Member,2022-12-30,
Identity and Democracy Group,ID,197690,André ROUGÉ,Member,2019-07-02,
Group of the Greens/European Free Alliance,Greens/EFA,197602,Catherine ROWETT,Member,2019-07-02,2020-01-31
Non-attached Members,NI,197733,Robert ROWLAND,Member,2019-07-02,2020-01-31
Group of the Progressive Alliance of Socialists and Democrats in the European Parliament,S&D,245858,Thomas RUDNER,Member,2023-07-03,
European Conservatives and Reformists Group,ECR,197773,Bert-Jan RUISSEN,Member of the Bureau,2019-07-02,
Group of the Progressive Alliance of Socialists and Democrats in the European Parliament,S&D,127096,Domènec RUIZ DEVESA,Member,2019-07-02,
European Conservatives and Reformists Group,ECR,132366,Pirkko RUOHONEN-LERNER,Member of the Bureau,2023-04-12,
European Conservatives and Reformists Group,ECR,197545,Bogdan RZOŃCA,Member,2019-07-02,
Group of the European People's Party,EPP,204368,Christian SAGARTZ,Member,2020-01-23,
Group of the European People's Party,EPP,125670,Massimiliano SALINI,Member,2019-07-02,
Group of the Progressive Alliance of Socialists and Democrats in the European Parliament,S&D,197722,Nacho SÁNCHEZ AMOR,Member,2019-07-02,
Group of the European People's Party,EPP,24594,Anne SANDER,Member,2019-07-02,
Group of the Progressive Alliance of Socialists and Democrats in the European Parliament,S&D,124781,Alfred SANT,Member,2019-07-02,
Group of the Progressive Alliance of Socialists and Democrats in the European Parliament,S&D,197650,Isabel SANTOS,Member,2019-07-02,
Identity and Democracy Group,ID,197578,Silvia SARDONE,Member,2019-07-02,
Group of the European People's Party,EPP,112611,Petri SARVAMAA,Member,2019-07-02,
European Conservatives and Reformists Group,ECR,28297,Jacek SARYUSZ-WOLSKI,Member,2019-07-02,
Group of the Progressive Alliance of Socialists and Democrats in the European Parliament,S&D,96864,David Maria SASSOLI,Member,2019-07-02,2022-01-11
Group of the Greens/European Free Alliance,Greens/EFA,197500,Mounir SATOURI,Member,2019-07-02,
Group of the Progressive Alliance of Socialists and Democrats in the European Parliament,S&D,37312,Christel SCHALDEMOSE,Member,2019-07-02,
Group of the European People's Party,EPP,213330,Ernő SCHALLER-BAROSS,Member,2021-01-12,2021-03-04
Non-attached Members,NI,213330,Ernő SCHALLER-BAROSS,Member,2021-03-05,
Group of the Progressive Alliance of Socialists and Democrats in the European Parliament,S&D,197670,Andreas SCHIEDER,Member,2019-07-02,
Group of the European United Left,GUE/NGL,190517,Martin SCHIRDEWAN,Chair,2019-07-02,2019-07-17
Group of the European United Left,GUE/NGL,190517,Martin SCHIRDEWAN,Co-Chair,2019-07-18,2020-12-17
The Left group in the European Parliament,GUE/NGL,190517,Martin SCHIRDEWAN,Co-Chair,2020-12-18,
Group of the European People's Party,EPP,197656,Simone SCHMIEDTBAUER,Member,2019-07-02,
Group of the Progressive Alliance of Socialists and Democrats in the European Parliament,S&D,197428,Nicolas SCHMIT,Member,2019-07-02,2019-11-30
Group of the European People's Party,EPP,197422,Christine SCHNEIDER,Member,2019-07-02,
Group of the European United Left,GUE/NGL,96646,Helmut SCHOLZ,Member,2019-07-02,2020-12-17
The Left group in the European Parliament,GUE/NGL,96646,Helmut SCHOLZ,Member,2020-12-18,
Group of the European People's Party,EPP,125030,Annie SCHREIJER-PIERIK,Member,2019-07-02,
Renew Europe Group,RE,197869,Liesje SCHREINEMACHER,Member,2019-07-02,2022-01-09
Group of the European People's Party,EPP,124809,Sven SCHULZE,Member,2019-07-02,2021-09-28
Group of the Progressive Alliance of Socialists and Democrats in the European Parliament,S&D,124837,Joachim SCHUSTER,Member,2019-07-02,
Group of the European People's Party,EPP,28223,Andreas SCHWAB,Member,2019-07-02,
Group of the Greens/European Free Alliance,Greens/EFA,124942,Molly SCOTT CATO,Vice-Chair,2019-07-02,2020-01-31
Group of the European People's Party,EPP,197425,Ralf SEEKATZ,Member,2019-07-02,
Renew Europe Group,RE,197508,Stéphane SÉJOURNÉ,Member,2019-07-02,2021-10-18
Renew Europe Group,RE,197508,Stéphane SÉJOURNÉ,Chair,2021-10-19,
Renew Europe Group,RE,197418,Monica SEMEDO,Member,2019-07-02,
Group of the Greens/European Free Alliance,Greens/EFA,197423,Nico SEMSROTT,Member,2019-07-02,
Group of the Progressive Alliance of Socialists and Democrats in the European Parliament,S&D,197677,Günther SIDL,Member,2019-07-02,
Group of the European People's Party,EPP,197548,Radosław SIKORSKI,Member,2019-07-02,
Group of the Progressive Alliance of Socialists and Democrats in the European Parliament,S&D,124747,Pedro SILVA PEREIRA,Member,2019-07-02,
Renew Europe Group,RE,103746,Michal ŠIMEČKA,Member,2019-07-02,2020-02-11
Renew Europe Group,RE,103746,Michal ŠIMEČKA,Vice-Chair,2020-01-12,2021-10-18
Renew Europe Group,RE,103746,Michal ŠIMEČKA,Member,2021-10-19,
Group of the European People's Party,EPP,197426,Sven SIMON,Member,2019-07-02,
Non-attached Members,NI,197935,Ivan Vilibor SINČIĆ,Member,2019-07-02,
Group of the Progressive Alliance of Socialists and Democrats in the European Parliament,S&D,96932,Birgit SIPPEL,Member,2019-07-02,
Group of the European People's Party,EPP,197390,Sara SKYTTEDAL,Member,2019-07-02,
European Conservatives and Reformists Group,ECR,197849,Andrey SLABAKOV,Member,2019-07-02,
Group of the Progressive Alliance of Socialists and Democrats in the European Parliament,S&D,197791,Massimiliano SMERIGLIO,Member,2019-07-02,
Group of the Greens/European Free Alliance,Greens/EFA,28508,Alyn SMITH,First Vice-Chair,2019-07-02,2019-12-12
Identity and Democracy Group,ID,204334,Vincenzo SOFO,Member,2020-02-01,2021-02-22
European Conservatives and Reformists Group,ECR,204334,Vincenzo SOFO,Member,2021-02-23,
Group of the European People's Party,EPP,124710,Michaela ŠOJDROVÁ,Member,2019-07-02,
Group of the European People's Party,EPP,197417,Tomislav SOKOL,Member,2019-07-02,
Group of the Greens/European Free Alliance,Greens/EFA,185974,Jordi SOLÉ,Member,2020-07-23,2022-01-10
Group of the Greens/European Free Alliance,Greens/EFA,185974,Jordi SOLÉ,Vice-Chair,2022-01-11,
Renew Europe Group,RE,197784,Susana SOLÍS PÉREZ,Member,2019-07-02,
Non-attached Members,NI,124834,Martin SONNEBORN,Member,2019-07-02,
Group of the Progressive Alliance of Socialists and Democrats in the European Parliament,S&D,197550,Sylwia SPUREK,Member,2019-07-02,2020-09-29
Group of the Greens/European Free Alliance,Greens/EFA,197550,Sylwia SPUREK,Member,2020-09-30,
Group of the European People's Party,EPP,125064,Maria SPYRAKI,Member,2019-07-02,
European Conservatives and Reformists Group,ECR,197825,Raffaele STANCANELLI,Member,2019-07-02,
Group of the Progressive Alliance of Socialists and Democrats in the European Parliament,S&D,124852,Sergei STANISHEV,Member,2019-07-02,
Group of the European People's Party,EPP,239271,Eleni STAVROU,Member,2022-11-02,
Non-attached Members,NI,197814,Louis STEDMAN-BRYCE,Member,2019-07-02,2020-01-31
Group of the European People's Party,EPP,124929,Ivan ŠTEFANEC,Member,2019-07-02,
Renew Europe Group,RE,58766,Nicolae ŞTEFĂNUȚĂ,Member,2019-07-02,2023-03-07
Group of the Greens/European Free Alliance,Greens/EFA,58766,Nicolae ŞTEFĂNUȚĂ,Member,2023-03-08,
European Conservatives and Reformists Group,ECR,197399,Jessica STEGRUD,Member,2019-07-02,2022-09-25
Group of the Greens/European Free Alliance,Greens/EFA,197772,Tineke STRIK,Member,2019-07-02,
Renew Europe Group,RE,134605,Ramona STRUGARIU,Member,2019-07-02,
Group of the European People's Party,EPP,119434,Dubravka ŠUICA,First Vice-Chair,2019-07-02,2019-11-30
Group of the European People's Party,EPP,23821,József SZÁJER,Member,2019-07-02,2021-01-01
European Conservatives and Reformists Group,ECR,197553,Beata SZYDŁO,Member,2019-07-02,2019-11-20
European Conservatives and Reformists Group,ECR,197553,Beata SZYDŁO,Member of the Bureau,2019-11-21,2020-03-09
European Conservatives and Reformists Group,ECR,197553,Beata SZYDŁO,Vice-Chair,2020-03-10,
Renew Europe Group,RE,204331,Linea SØGAARD-LIDELL,Member,2020-02-01,2022-11-14
Group of the European People's Party,EPP,2187,Antonio TAJANI,Member,2019-07-02,2022-10-12
Group of the Progressive Alliance of Socialists and Democrats in the European Parliament,S&D,125020,Paul TANG,Member,2019-07-02,
Group of the Progressive Alliance of Socialists and Democrats in the European Parliament,S&D,29579,Marc TARABELLA,Member,2019-07-02,2023-01-18
Non-attached Members,NI,29579,Marc TARABELLA,Member,2023-01-19,
European Conservatives and Reformists Group,ECR,204346,Dominik TARCZYŃSKI,Member,2020-02-01,
Identity and Democracy Group,ID,197806,Annalisa TARDINO,Member,2019-07-02,
Group of the Progressive Alliance of Socialists and Democrats in the European Parliament,S&D,197756,Vera TAX,Member,2019-07-02,
Non-attached Members,NI,197705,John David Edward TENNANT,Member,2019-07-02,2020-01-31
Group of the Progressive Alliance of Socialists and Democrats in the European Parliament,S&D,197655,Cristian TERHEŞ,Member,2019-07-02,2020-05-12
European Conservatives and Reformists Group,ECR,197655,Cristian TERHEŞ,Member of the Bureau,2020-05-14,
Group of the European People's Party,EPP,204449,Riho TERRAS,Member,2020-02-01,
European Conservatives and Reformists Group,ECR,197831,Hermann TERTSCH,Vice-Chair,2019-07-02,
Group of the European People's Party,EPP,197667,Barbara THALER,Member,2019-07-02,
Group of the European People's Party,EPP,96776,Róża THUN UND HOHENSTEIN,Member,2019-07-02,2021-11-09
Renew Europe Group,RE,96776,Róża THUN UND HOHENSTEIN,Member,2021-11-10,
Non-attached Members,NI,197599,Richard TICE,Member,2019-07-02,2020-01-31
Group of the Progressive Alliance of Socialists and Democrats in the European Parliament,S&D,197591,Irene TINAGLI,Member,2019-07-02,
Group of the European People's Party,EPP,197402,Tomas TOBÉ,Member,2019-07-02,
European Conservatives and Reformists Group,ECR,197559,Grzegorz TOBISZOWSKI,Member,2019-07-02,
Group of the Progressive Alliance of Socialists and Democrats in the European Parliament,S&D,28340,Patrizia TOIA,Member,2019-07-02,
Renew Europe Group,RE,197547,Irène TOLLERET,Member,2019-07-02,
Group of the European People's Party,EPP,197672,Eugen TOMAC,Member,2019-07-02,
European Conservatives and Reformists Group,ECR,119431,Ruža TOMAŠIĆ,Member of the Bureau,2019-07-02,2021-06-30
European Conservatives and Reformists Group,ECR,96697,Waldemar TOMASZEWSKI,Member of the Bureau,2019-07-02,
Group of the European People's Party,EPP,125104,Romana TOMC,Member,2019-07-02,
Renew Europe Group,RE,124700,Yana TOOM,Member,2019-07-02,
Renew Europe Group,RE,114268,Nils TORVALDS,Member,2019-07-02,
European Conservatives and Reformists Group,ECR,96713,Evžen TOŠENOVSKÝ,Member,2019-07-02,
Group of the European People's Party,EPP,27714,Edina TÓTH,Member,2019-07-02,2021-03-04
Non-attached Members,NI,27714,Edina TÓTH,Member,2021-03-05,
Group of the Greens/European Free Alliance,Greens/EFA,97236,Marie TOUSSAINT,Member,2019-07-02,2022-01-10
Group of the Greens/European Free Alliance,Greens/EFA,97236,Marie TOUSSAINT,Vice-Chair,2022-01-11,
Identity and Democracy Group,ID,197580,Isabella TOVAGLIERI,Member,2019-07-02,
Renew Europe Group,RE,197593,Véronique TRILLET-LENOIR,Member,2019-07-02,2023-08-09
Group of the European People's Party,EPP,197894,László TRÓCSÁNYI,Member,2019-07-02,2021-03-04
Non-attached Members,NI,197894,László TRÓCSÁNYI,Member,2021-03-05,
Renew Europe Group,RE,197665,Dragoş TUDORACHE,Member,2019-07-02,2021-10-18
Renew Europe Group,RE,197665,Dragoş TUDORACHE,Vice-Chair,2021-10-19,
Group of the Progressive Alliance of Socialists and Democrats in the European Parliament,S&D,198183,Mihai TUDOSE,Member,2019-07-02,
Non-attached Members,NI,197763,Milan UHRÍK,Member,2019-07-02,
Group of the Progressive Alliance of Socialists and Democrats in the European Parliament,S&D,124705,István UJHELYI,Member,2019-07-02,
Group of the European United Left,GUE/NGL,131507,Miguel URBÁN CRESPO,Member,2019-07-02,2020-12-17
The Left group in the European Parliament,GUE/NGL,131507,Miguel URBÁN CRESPO,Member,2020-12-18,
Group of the Greens/European Free Alliance,Greens/EFA,124972,Ernest URTASUN,Vice-Chair,2019-07-02,
Group of the Progressive Alliance of Socialists and Democrats in the European Parliament,S&D,197810,Nils UŠAKOVS,Member,2019-07-02,
Renew Europe Group,RE,96698,Viktor USPASKICH,Member,2019-07-02,2021-01-20
Non-attached Members,NI,96698,Viktor USPASKICH,Member,2021-01-21,
Group of the European People's Party,EPP,28617,Inese VAIDERE,Member,2019-07-02,
Group of the European People's Party,EPP,37324,Adina-Ioana VĂLEAN,Member,2019-07-02,2019-11-30
Group of the Greens/European Free Alliance,Greens/EFA,124934,Monika VANA,Member,2019-07-02,
Group of the Progressive Alliance of Socialists and Democrats in the European Parliament,S&D,5729,Kathleen VAN BREMPT,Member,2019-07-02,
Identity and Democracy Group,ID,185771,Tom VANDENDRIESSCHE,Member,2019-07-02,
Group of the European People's Party,EPP,129164,Tom VANDENKENDELAERE,Member,2021-01-26,
European Conservatives and Reformists Group,ECR,4513,Geoffrey VAN ORDEN,Member of the Bureau,2019-07-02,2020-01-31
European Conservatives and Reformists Group,ECR,125106,Johan VAN OVERTVELDT,Member of the Bureau,2019-07-02,
Group of the Greens/European Free Alliance,Greens/EFA,197870,Kim VAN SPARRENTAK,Member,2019-07-02,
Group of the Progressive Alliance of Socialists and Democrats in the European Parliament,S&D,239257,Achille VARIATI,Member,2022-11-02,
Renew Europe Group,RE,130100,Hilde VAUTMANS,Member,2019-07-02,
Renew Europe Group,RE,197502,Marie-Pierre VEDRENNE,Member,2019-07-02,
European Conservatives and Reformists Group,ECR,197747,Kyriakos VELOPOULOS,Member of the Bureau,2019-07-02,2019-07-06
Group of the European People's Party,EPP,96756,Sabine VERHEYEN,Member,2019-07-02,
Renew Europe Group,RE,97058,Guy VERHOFSTADT,Member,2019-07-02,
Identity and Democracy Group,ID,125001,Harald VILIMSKY,Member of the Bureau,2019-07-02,
Group of the European United Left,GUE/NGL,197827,Idoia VILLANUEVA RUIZ,Member,2019-07-02,2020-12-17
The Left group in the European Parliament,GUE/NGL,197827,Idoia VILLANUEVA RUIZ,Member,2020-12-18,
Group of the European United Left,GUE/NGL,197571,Nikolaj VILLUMSEN,Vice-Chair,2019-07-02,2020-12-17
The Left group in the European Parliament,GUE/NGL,197571,Nikolaj VILLUMSEN,Vice-Chair,2020-12-18,
Group of the European People's Party,EPP,98582,Loránt VINCZE,Member,2019-07-02,
Group of the Progressive Alliance of Socialists and Democrats in the European Parliament,S&D,199941,Marianne VIND,Member,2019-07-02,
Group of the European People's Party,EPP,124726,Henna VIRKKUNEN,Member,2019-07-02,
Identity and Democracy Group,ID,124875,Anders VISTISEN,Member,2022-11-22,
Group of the Progressive Alliance of Socialists and Democrats in the European Parliament,S&D,197844,Petar VITANOV,Member,2019-07-02,
Renew Europe Group,RE,197749,Caroline VOADEN,Member,2019-07-02,2020-01-31
Group of the Progressive Alliance of Socialists and Democrats in the European Parliament,S&D,197678,Bettina VOLLATH,Member,2019-07-02,2022-10-09
Group of the Greens/European Free Alliance,Greens/EFA,197451,Viola VON CRAMON-TAUBADEL,Member,2019-07-02,
European Conservatives and Reformists Group,ECR,197537,Alexandr VONDRA,Member,2019-07-02,
Renew Europe Group,RE,197625,Irina VON WIESE,Member,2019-07-02,2020-01-31
Group of the European People's Party,EPP,96761,Axel VOSS,Member,2019-07-02,
Group of the European People's Party,EPP,125065,Elissavet VOZEMBERG-VRIONIDI,Member,2019-07-02,
European Conservatives and Reformists Group,ECR,197552,Veronika VRECIONOVÁ,Member,2019-07-02,2020-03-09
European Conservatives and Reformists Group,ECR,197552,Veronika VRECIONOVÁ,Member of the Bureau,2020-03-10,2022-04-04
European Conservatives and Reformists Group,ECR,197552,Veronika VRECIONOVÁ,Vice-Chair,2022-04-05,2023-06-12
European Conservatives and Reformists Group,ECR,197552,Veronika VRECIONOVÁ,Member of the Bureau,2023-06-13,
Identity and Democracy Group,ID,197798,Lucia VUOLO,Member,2019-07-02,2021-06-03
Non-attached Members,NI,197798,Lucia VUOLO,Member,2021-06-04,2021-09-09
Group of the European People's Party,EPP,197798,Lucia VUOLO,Member,2021-09-10,
Renew Europe Group,RE,204400,Adrián VÁZQUEZ LÁZARA,Member,2020-02-04,
Group of the Greens/European Free Alliance,Greens/EFA,190464,Thomas WAITZ,Member,2020-02-01,
Group of the European United Left,GUE/NGL,197817,Mick WALLACE,Member,2019-07-02,2020-12-17
The Left group in the European Parliament,GUE/NGL,197817,Mick WALLACE,Member,2020-12-18,
Group of the European People's Party,EPP,197863,Maria WALSH,Member,2019-07-02,
Group of the European People's Party,EPP,197429,Marion WALSMANN,Member,2019-07-02,
Group of the European People's Party,EPP,197405,Jörgen WARBORN,Member,2019-07-02,
Group of the Progressive Alliance of Socialists and Democrats in the European Parliament,S&D,124963,Julie WARD,Member,2019-07-02,2020-01-31
European Conservatives and Reformists Group,ECR,197566,Witold Jan WASZCZYKOWSKI,Member,2019-07-02,
Group of the European People's Party,EPP,28229,Manfred WEBER,Chair,2019-07-02,
European Conservatives and Reformists Group,ECR,123562,Charlie WEIMERS,Member,2019-07-02,2022-04-04
European Conservatives and Reformists Group,ECR,123562,Charlie WEIMERS,Vice-Chair,2022-04-05,
Group of the European People's Party,EPP,197515,Pernille WEISS,Member,2019-07-02,
Non-attached Members,NI,197757,James WELLS,Member,2019-07-02,2020-01-31
Non-attached Members,NI,197744,Ann WIDDECOMBE,Member,2019-07-02,2020-01-31
Group of the European People's Party,EPP,2323,Rainer WIELAND,Member,2019-07-02,
Group of the Greens/European Free Alliance,Greens/EFA,197675,Sarah WIENER,Member,2019-07-02,
Renew Europe Group,RE,214839,Emma WIESNER,Member,2021-02-04,
Group of the European People's Party,EPP,197769,Michal WIEZIK,Member,2019-07-02,2021-12-07
Renew Europe Group,RE,197769,Michal WIEZIK,Member,2021-12-08,
Group of the European People's Party,EPP,39725,Iuliu WINKLER,Member,2019-07-02,
Group of the European People's Party,EPP,197652,Angelika WINZIG,Member,2019-07-02,
Group of the European People's Party,EPP,197421,Isabel WISELER-LIMA,Member,2019-07-02,
European Conservatives and Reformists Group,ECR,124877,Jadwiga WIŚNIEWSKA,Member,2019-07-02,
Group of the Progressive Alliance of Socialists and Democrats in the European Parliament,S&D,185619,Tiemo WÖLKEN,Member,2019-07-02,
Group of the Progressive Alliance of Socialists and Democrats in the European Parliament,S&D,5392,Lara WOLTERS,Member,2019-07-04,
Group of the Greens/European Free Alliance,Greens/EFA,197511,Salima YENBOU,Member,2019-07-02,2022-03-08
Renew Europe Group,RE,197511,Salima YENBOU,Member,2022-03-09,
Renew Europe Group,RE,197581,Stéphanie YON-COURTIN,Member,2019-07-02,
Group of the Progressive Alliance of Socialists and Democrats in the European Parliament,S&D,197842,Elena YONCHEVA,Member,2019-07-02,
Renew Europe Group,RE,197499,Chrysoula ZACHAROPOULOU,Member,2019-07-02,2022-05-19
Group of the European People's Party,EPP,125067,Theodoros ZAGORAKIS,Member,2019-07-02,
European Conservatives and Reformists Group,ECR,23712,Jan ZAHRADIL,Member of the Bureau,2019-07-02,2023-06-12
European Conservatives and Reformists Group,ECR,23712,Jan ZAHRADIL,Vice-Chair,2023-06-13,
European Conservatives and Reformists Group,ECR,197572,Anna ZALEWSKA,Member,2019-07-02,
Identity and Democracy Group,ID,197586,Stefania ZAMBELLI,Member,2019-07-02,
Identity and Democracy Group,ID,124780,Marco ZANNI,Chair,2019-07-02,
Group of the European People's Party,EPP,197606,Javier ZARZALEJOS,Member,2019-07-02,
Group of the European People's Party,EPP,124713,Tomáš ZDECHOVSKÝ,Member,2019-07-02,
European Conservatives and Reformists Group,ECR,28615,Roberts ZĪLE,Vice-Chair,2019-07-02,2022-04-04
European Conservatives and Reformists Group,ECR,28615,Roberts ZĪLE,Member of the Bureau,2022-04-05,
Identity and Democracy Group,ID,197489,Bernhard ZIMNIOK,Member,2019-07-02,
European Conservatives and Reformists Group,ECR,124884,Kosma ZŁOTOWSKI,Co-Treasurer,2019-07-02,
Group of the European People's Party,EPP,197621,Juan Ignacio ZOIDO ÁLVAREZ,Member,2019-07-02,
Group of the Progressive Alliance of Socialists and Democrats in the European Parliament,S&D,124739,Carlos ZORRINHO,Member,2019-07-02,
Group of the European People's Party,EPP,185341,Željana ZOVKO,Member,2019-07-02,2022-01-24
Group of the European People's Party,EPP,185341,Željana ZOVKO,Vice-Chair,2022-01-25,
Non-attached Members,NI,125237,Marco ZULLO,Member,2019-07-02,2021-03-10
Renew Europe Group,RE,125237,Marco ZULLO,Member,2021-03-11,
Group of the European People's Party,EPP,96933,Milan ZVER,Member,2019-07-02,
Group of the Greens/European Free Alliance,Greens/EFA,28619,Tatjana ŽDANOKA,Member,2019-07-02,2022-03-31
Non-attached Members,NI,28619,Tatjana ŽDANOKA,Member,2022-04-01,
